Day,W1_1,W1_2,W4_1,W4_2,W8_1,W8_2,W8_3,W8_4
Day_1,1.0,1.0,1.0,1.0,1.0,0.0,0.0,0.0
Day_1,1.0,1.0,1.0,1.0,1.0,0.0,0.0,0.0
Day_1,1.0,1.0,1.0,1.0,1.0,0.0,0.0,0.0
Day_1,1.0,1.0,1.0,1.0,0.0,0.0,0.0,0.0
Day_1,1.0,1.0,1.0,1.0,0.0,0.0,0.0,0.0
Day_1,1.0,1.0,1.0,1.0,0.0,0.0,0.0,0.0
Day_1,1.0,1.0,1.0,1.0,0.0,0.0,0.0,0.0
Day_1,1.0,1.0,1.0,0.0,0.0,0.0,0.0,0.0
Day_1,1.0,1.0,1.0,0.0,0.0,0.0,0.0,0.0
Day_1,1.0,1.0,1.0,0.0,0.0,0.0,0.0,0.0
Day_1,1.0,1.0,1.0,0.0,0.0,0.0,0.0,0.0
Day_1,1.0,1.0,1.0,0.0,0.0,0.0,0.0,0.0
Day_1,1.0,1.0,1.0,0.0,0.0,0.0,0.0,0.0
Day_1,1.0,1.0,1.0,0.0,0.0,0.0,0.0,0.0
Day_1,1.0,1.0,1.0,0.0,0.0,0.0,0.0,0.0
Day_1,1.0,1.0,1.0,0.0,0.0,0.0,0.0,0.0
Day_1,1.0,1.0,1.0,0.0,0.0,0.0,0.0,0.0
Day_1,1.0,1.0,1.0,0.0,0.0,0.0,0.0,0.0
Day_1,1.0,1.0,1.0,0.0,0.0,0.0,0.0,0.0
Day_1,1.0,1.0,1.0,0.0,0.0,0.0,0.0,0.0
Day_1,1.0,1.0,1.0,0.0,0.0,0.0,0.0,0.0
Day_1,1.0,1.0,1.0,0.0,0.0,0.0,0.0,0.0
Day_1,1.0,1.0,1.0,0.0,0.0,0.0,0.0,0.0
Day_1,1.0,1.0,1.0,0.0,0.0,0.0,0.0,0.0
Day_1,1.0,1.0,1.0,0.0,0.0,0.0,0.0,0.0
Day_1,1.0,1.0,1.0,0.0,0.0,0.0,0.0,0.0
Day_1,1.0,1.0,1.0,0.0,0.0,0.0,0.0,0.0
Day_1,1.0,1.0,1.0,0.0,0.0,0.0,0.0,0.0
Day_1,1.0,1.0,0.0,0.0,0.0,0.0,0.0,0.0
Day_1,1.0,1.0,0.0,0.0,0.0,0.0,0.0,0.0
Day_1,1.0,1.0,0.0,0.0,0.0,0.0,0.0,0.0
Day_1,1.0,1.0,0.0,0.0,0.0,0.0,0.0,0.0
Day_1,1.0,1.0,0.0,0.0,0.0,0.0,0.0,0.0
Day_1,1.0,1.0,0.0,0.0,0.0,0.0,0.0,0.0
Day_1,1.0,1.0,0.0,0.0,0.0,0.0,0.0,0.0
Day_1,1.0,0.0,0.0,0.0,0.0,0.0,0.0,0.0
Day_1,1.0,0.0,0.0,0.0,0.0,0.0,0.0,0.0
Day_1,1.0,0.0,0.0,0.0,0.0,0.0,0.0,0.0
Day_1,1.0,0.0,0.0,0.0,0.0,0.0,0.0,0.0
Day_1,1.0,0.0,0.0,0.0,0.0,0.0,0.0,0.0
Day_1,1.0,0.0,0.0,0.0,0.0,0.0,0.0,0.0
Day_1,1.0,0.0,0.0,0.0,0.0,0.0,0.0,0.0
Day_1,1.0,0.0,0.0,0.0,0.0,0.0,0.0,0.0
Day_1,1.0,0.0,0.0,0.0,0.0,0.0,0.0,0.0
Day_1,1.0,0.0,0.0,0.0,0.0,0.0,0.0,0.0
Day_1,1.0,0.0,0.0,0.0,0.0,0.0,0.0,0.0
Day_1,1.0,0.0,0.0,0.0,0.0,0.0,0.0,0.0
Day_1,1.0,0.0,0.0,0.0,0.0,0.0,0.0,0.0
Day_1,1.0,0.0,0.0,0.0,0.0,0.0,0.0,0.0
Day_1,0.0,0.0,0.0,0.0,0.0,0.0,0.0,0.0
Day_1,0.0,0.0,0.0,0.0,0.0,0.0,0.0,0.0
Day_1,0.0,0.0,0.0,0.0,0.0,0.0,0.0,0.0
Day_1,0.0,0.0,0.0,0.0,0.0,0.0,0.0,0.0
Day_1,0.0,0.0,0.0,0.0,0.0,0.0,0.0,0.0
Day_1,0.0,0.0,0.0,0.0,0.0,0.0,0.0,0.0
Day_1,0.0,0.0,0.0,0.0,0.0,0.0,0.0,0.0
Day_1,0.0,0.0,0.0,0.0,0.0,0.0,0.0,0.0
Day_1,0.0,0.0,0.0,0.0,0.0,0.0,0.0,0.0
Day_1,0.0,0.0,0.0,0.0,0.0,0.0,0.0,0.0
Day_1,0.0,0.0,0.0,0.0,0.0,0.0,0.0,0.0
Day_1,0.0,0.0,0.0,0.0,0.0,0.0,0.0,0.0
Day_1,0.0,0.0,0.0,0.0,0.0,0.0,0.0,0.0
Day_1,0.0,0.0,0.0,0.0,0.0,0.0,0.0,0.0
Day_1,0.0,0.0,0.0,0.0,0.0,0.0,0.0,0.0
Day_1,0.0,0.0,0.0,0.0,0.0,0.0,0.0,0.0
Day_1,0.0,0.0,0.0,0.0,0.0,0.0,0.0,0.0
Day_1,0.0,0.0,0.0,0.0,0.0,0.0,0.0,0.0
Day_1,0.0,0.0,0.0,0.0,0.0,0.0,0.0,0.0
Day_1,0.0,0.0,0.0,0.0,0.0,0.0,0.0,0.0
Day_1,0.0,0.0,0.0,0.0,0.0,0.0,0.0,0.0
Day_1,0.0,0.0,0.0,0.0,0.0,0.0,0.0,0.0
Day_1,0.0,0.0,0.0,0.0,0.0,0.0,0.0,0.0
Day_1,0.0,0.0,0.0,0.0,0.0,0.0,0.0,0.0
Day_1,0.0,0.0,0.0,0.0,0.0,0.0,0.0,0.0
Day_1,0.0,0.0,0.0,0.0,0.0,0.0,0.0,0.0
Day_1,0.0,0.0,0.0,0.0,0.0,0.0,0.0,0.0
Day_1,0.0,0.0,0.0,0.0,0.0,0.0,0.0,0.0
Day_1,0.0,0.0,0.0,0.0,0.0,0.0,0.0,0.0
Day_1,0.0,0.0,0.0,0.0,0.0,0.0,0.0,0.0
Day_1,0.0,0.0,0.0,0.0,0.0,0.0,0.0,0.0
Day_1,0.0,0.0,0.0,0.0,0.0,0.0,0.0,0.0
Day_1,0.0,0.0,0.0,0.0,0.0,0.0,0.0,0.0
Day_1,0.0,0.0,0.0,0.0,0.0,0.0,0.0,0.0
Day_2,1.0,1.0,1.0,0.0,0.0,0.0,0.0,0.0
Day_2,1.0,1.0,1.0,0.0,0.0,0.0,0.0,0.0
Day_2,1.0,1.0,1.0,0.0,0.0,0.0,0.0,0.0
Day_2,1.0,1.0,1.0,0.0,0.0,0.0,0.0,0.0
Day_2,1.0,1.0,1.0,0.0,0.0,0.0,0.0,0.0
Day_2,1.0,1.0,1.0,0.0,0.0,0.0,0.0,0.0
Day_2,1.0,1.0,1.0,0.0,0.0,0.0,0.0,0.0
Day_2,1.0,1.0,1.0,0.0,0.0,0.0,0.0,0.0
Day_2,1.0,1.0,1.0,0.0,0.0,0.0,0.0,0.0
Day_2,1.0,1.0,1.0,0.0,0.0,0.0,0.0,0.0
Day_2,1.0,1.0,1.0,0.0,0.0,0.0,0.0,0.0
Day_2,1.0,1.0,1.0,0.0,0.0,0.0,0.0,0.0
Day_2,1.0,1.0,1.0,0.0,0.0,0.0,0.0,0.0
Day_2,1.0,1.0,1.0,0.0,0.0,0.0,0.0,0.0
Day_2,1.0,1.0,1.0,0.0,0.0,0.0,0.0,0.0
Day_2,1.0,1.0,1.0,0.0,0.0,0.0,0.0,0.0
Day_2,1.0,1.0,1.0,0.0,0.0,0.0,0.0,0.0
Day_2,1.0,1.0,1.0,0.0,0.0,0.0,0.0,0.0
Day_2,1.0,1.0,1.0,0.0,0.0,0.0,0.0,0.0
Day_2,1.0,1.0,1.0,0.0,0.0,0.0,0.0,0.0
Day_2,1.0,1.0,1.0,0.0,0.0,0.0,0.0,0.0
Day_2,1.0,1.0,1.0,0.0,0.0,0.0,0.0,0.0
Day_2,1.0,1.0,1.0,0.0,0.0,0.0,0.0,0.0
Day_2,1.0,1.0,1.0,0.0,0.0,0.0,0.0,0.0
Day_2,1.0,1.0,1.0,0.0,0.0,0.0,0.0,0.0
Day_2,1.0,1.0,0.0,0.0,0.0,0.0,0.0,0.0
Day_2,1.0,1.0,0.0,0.0,0.0,0.0,0.0,0.0
Day_2,1.0,1.0,0.0,0.0,0.0,0.0,0.0,0.0
Day_2,1.0,1.0,0.0,0.0,0.0,0.0,0.0,0.0
Day_2,1.0,1.0,0.0,0.0,0.0,0.0,0.0,0.0
Day_2,1.0,1.0,0.0,0.0,0.0,0.0,0.0,0.0
Day_2,1.0,1.0,0.0,0.0,0.0,0.0,0.0,0.0
Day_2,1.0,1.0,0.0,0.0,0.0,0.0,0.0,0.0
Day_2,1.0,0.0,0.0,0.0,0.0,0.0,0.0,0.0
Day_2,1.0,0.0,0.0,0.0,0.0,0.0,0.0,0.0
Day_2,1.0,0.0,0.0,0.0,0.0,0.0,0.0,0.0
Day_2,1.0,0.0,0.0,0.0,0.0,0.0,0.0,0.0
Day_2,1.0,0.0,0.0,0.0,0.0,0.0,0.0,0.0
Day_2,1.0,0.0,0.0,0.0,0.0,0.0,0.0,0.0
Day_2,1.0,0.0,0.0,0.0,0.0,0.0,0.0,0.0
Day_2,1.0,0.0,0.0,0.0,0.0,0.0,0.0,0.0
Day_2,1.0,0.0,0.0,0.0,0.0,0.0,0.0,0.0
Day_2,1.0,0.0,0.0,0.0,0.0,0.0,0.0,0.0
Day_2,1.0,0.0,0.0,0.0,0.0,0.0,0.0,0.0
Day_2,1.0,0.0,0.0,0.0,0.0,0.0,0.0,0.0
Day_2,1.0,0.0,0.0,0.0,0.0,0.0,0.0,0.0
Day_2,1.0,0.0,0.0,0.0,0.0,0.0,0.0,0.0
Day_2,1.0,0.0,0.0,0.0,0.0,0.0,0.0,0.0
Day_2,1.0,0.0,0.0,0.0,0.0,0.0,0.0,0.0
Day_2,1.0,0.0,0.0,0.0,0.0,0.0,0.0,0.0
Day_2,1.0,0.0,0.0,0.0,0.0,0.0,0.0,0.0
Day_2,1.0,0.0,0.0,0.0,0.0,0.0,0.0,0.0
Day_2,1.0,0.0,0.0,0.0,0.0,0.0,0.0,0.0
Day_2,1.0,0.0,0.0,0.0,0.0,0.0,0.0,0.0
Day_2,1.0,0.0,0.0,0.0,0.0,0.0,0.0,0.0
Day_2,1.0,0.0,0.0,0.0,0.0,0.0,0.0,0.0
Day_2,1.0,0.0,0.0,0.0,0.0,0.0,0.0,0.0
Day_2,1.0,0.0,0.0,0.0,0.0,0.0,0.0,0.0
Day_2,1.0,0.0,0.0,0.0,0.0,0.0,0.0,0.0
Day_2,1.0,0.0,0.0,0.0,0.0,0.0,0.0,0.0
Day_2,1.0,0.0,0.0,0.0,0.0,0.0,0.0,0.0
Day_2,1.0,0.0,0.0,0.0,0.0,0.0,0.0,0.0
Day_2,1.0,0.0,0.0,0.0,0.0,0.0,0.0,0.0
Day_2,1.0,0.0,0.0,0.0,0.0,0.0,0.0,0.0
Day_2,1.0,0.0,0.0,0.0,0.0,0.0,0.0,0.0
Day_2,0.0,0.0,0.0,0.0,0.0,0.0,0.0,0.0
Day_2,0.0,0.0,0.0,0.0,0.0,0.0,0.0,0.0
Day_2,0.0,0.0,0.0,0.0,0.0,0.0,0.0,0.0
Day_2,0.0,0.0,0.0,0.0,0.0,0.0,0.0,0.0
Day_2,0.0,0.0,0.0,0.0,0.0,0.0,0.0,0.0
Day_2,0.0,0.0,0.0,0.0,0.0,0.0,0.0,0.0
Day_2,0.0,0.0,0.0,0.0,0.0,0.0,0.0,0.0
Day_2,0.0,0.0,0.0,0.0,0.0,0.0,0.0,0.0
Day_2,0.0,0.0,0.0,0.0,0.0,0.0,0.0,0.0
Day_2,0.0,0.0,0.0,0.0,0.0,0.0,0.0,0.0
Day_2,0.0,0.0,0.0,0.0,0.0,0.0,0.0,0.0
Day_2,0.0,0.0,0.0,0.0,0.0,0.0,0.0,0.0
Day_2,0.0,0.0,0.0,0.0,0.0,0.0,0.0,0.0
Day_2,0.0,0.0,0.0,0.0,0.0,0.0,0.0,0.0
Day_2,0.0,0.0,0.0,0.0,0.0,0.0,0.0,0.0
Day_2,0.0,0.0,0.0,0.0,0.0,0.0,0.0,0.0
Day_2,0.0,0.0,0.0,0.0,0.0,0.0,0.0,0.0
Day_2,0.0,0.0,0.0,0.0,0.0,0.0,0.0,0.0
Day_2,0.0,0.0,0.0,0.0,0.0,0.0,0.0,0.0
Day_2,0.0,0.0,0.0,0.0,0.0,0.0,0.0,0.0
Day_2,0.0,0.0,0.0,0.0,0.0,0.0,0.0,0.0
Day_2,0.0,0.0,0.0,0.0,0.0,0.0,0.0,0.0
Day_2,0.0,0.0,0.0,0.0,0.0,0.0,0.0,0.0
Day_2,0.0,0.0,0.0,0.0,0.0,0.0,0.0,0.0
Day_2,0.0,0.0,0.0,0.0,0.0,0.0,0.0,0.0
Day_2,0.0,0.0,0.0,0.0,0.0,0.0,0.0,0.0
Day_2,0.0,0.0,0.0,0.0,0.0,0.0,0.0,0.0
Day_2,0.0,0.0,0.0,0.0,0.0,0.0,0.0,0.0
Day_2,0.0,0.0,0.0,0.0,0.0,0.0,0.0,0.0
Day_2,0.0,0.0,0.0,0.0,0.0,0.0,0.0,0.0
Day_2,0.0,0.0,0.0,0.0,0.0,0.0,0.0,0.0
Day_2,0.0,0.0,0.0,0.0,0.0,0.0,0.0,0.0
Day_2,0.0,0.0,0.0,0.0,0.0,0.0,0.0,0.0
Day_2,0.0,0.0,0.0,0.0,0.0,0.0,0.0,0.0
Day_3,1.0,1.0,1.0,1.0,1.0,0.0,0.0,0.0
Day_3,1.0,1.0,1.0,1.0,0.0,0.0,0.0,0.0
Day_3,1.0,1.0,1.0,1.0,0.0,0.0,0.0,0.0
Day_3,1.0,1.0,1.0,0.0,0.0,0.0,0.0,0.0
Day_3,1.0,1.0,1.0,0.0,0.0,0.0,0.0,0.0
Day_3,1.0,1.0,1.0,0.0,0.0,0.0,0.0,0.0
Day_3,1.0,1.0,1.0,0.0,0.0,0.0,0.0,0.0
Day_3,1.0,1.0,1.0,0.0,0.0,0.0,0.0,0.0
Day_3,1.0,1.0,1.0,0.0,0.0,0.0,0.0,0.0
Day_3,1.0,1.0,1.0,0.0,0.0,0.0,0.0,0.0
Day_3,1.0,1.0,1.0,0.0,0.0,0.0,0.0,0.0
Day_3,1.0,1.0,1.0,0.0,0.0,0.0,0.0,0.0
Day_3,1.0,1.0,1.0,0.0,0.0,0.0,0.0,0.0
Day_3,1.0,1.0,1.0,0.0,0.0,0.0,0.0,0.0
Day_3,1.0,1.0,1.0,0.0,0.0,0.0,0.0,0.0
Day_3,1.0,1.0,1.0,0.0,0.0,0.0,0.0,0.0
Day_3,1.0,1.0,1.0,0.0,0.0,0.0,0.0,0.0
Day_3,1.0,1.0,1.0,0.0,0.0,0.0,0.0,0.0
Day_3,1.0,1.0,1.0,0.0,0.0,0.0,0.0,0.0
Day_3,1.0,1.0,1.0,0.0,0.0,0.0,0.0,0.0
Day_3,1.0,1.0,1.0,0.0,0.0,0.0,0.0,0.0
Day_3,1.0,1.0,1.0,0.0,0.0,0.0,0.0,0.0
Day_3,1.0,1.0,1.0,0.0,0.0,0.0,0.0,0.0
Day_3,1.0,1.0,0.0,0.0,0.0,0.0,0.0,0.0
Day_3,1.0,1.0,0.0,0.0,0.0,0.0,0.0,0.0
Day_3,1.0,1.0,0.0,0.0,0.0,0.0,0.0,0.0
Day_3,1.0,1.0,0.0,0.0,0.0,0.0,0.0,0.0
Day_3,1.0,1.0,0.0,0.0,0.0,0.0,0.0,0.0
Day_3,1.0,1.0,0.0,0.0,0.0,0.0,0.0,0.0
Day_3,1.0,1.0,0.0,0.0,0.0,0.0,0.0,0.0
Day_3,1.0,1.0,0.0,0.0,0.0,0.0,0.0,0.0
Day_3,1.0,1.0,0.0,0.0,0.0,0.0,0.0,0.0
Day_3,1.0,0.0,0.0,0.0,0.0,0.0,0.0,0.0
Day_3,1.0,0.0,0.0,0.0,0.0,0.0,0.0,0.0
Day_3,1.0,0.0,0.0,0.0,0.0,0.0,0.0,0.0
Day_3,1.0,0.0,0.0,0.0,0.0,0.0,0.0,0.0
Day_3,1.0,0.0,0.0,0.0,0.0,0.0,0.0,0.0
Day_3,1.0,0.0,0.0,0.0,0.0,0.0,0.0,0.0
Day_3,1.0,0.0,0.0,0.0,0.0,0.0,0.0,0.0
Day_3,1.0,0.0,0.0,0.0,0.0,0.0,0.0,0.0
Day_3,1.0,0.0,0.0,0.0,0.0,0.0,0.0,0.0
Day_3,1.0,0.0,0.0,0.0,0.0,0.0,0.0,0.0
Day_3,1.0,0.0,0.0,0.0,0.0,0.0,0.0,0.0
Day_3,1.0,0.0,0.0,0.0,0.0,0.0,0.0,0.0
Day_3,1.0,0.0,0.0,0.0,0.0,0.0,0.0,0.0
Day_3,1.0,0.0,0.0,0.0,0.0,0.0,0.0,0.0
Day_3,1.0,0.0,0.0,0.0,0.0,0.0,0.0,0.0
Day_3,1.0,0.0,0.0,0.0,0.0,0.0,0.0,0.0
Day_3,1.0,0.0,0.0,0.0,0.0,0.0,0.0,0.0
Day_3,1.0,0.0,0.0,0.0,0.0,0.0,0.0,0.0
Day_3,1.0,0.0,0.0,0.0,0.0,0.0,0.0,0.0
Day_3,1.0,0.0,0.0,0.0,0.0,0.0,0.0,0.0
Day_3,1.0,0.0,0.0,0.0,0.0,0.0,0.0,0.0
Day_3,1.0,0.0,0.0,0.0,0.0,0.0,0.0,0.0
Day_3,1.0,0.0,0.0,0.0,0.0,0.0,0.0,0.0
Day_3,1.0,0.0,0.0,0.0,0.0,0.0,0.0,0.0
Day_3,1.0,0.0,0.0,0.0,0.0,0.0,0.0,0.0
Day_3,1.0,0.0,0.0,0.0,0.0,0.0,0.0,0.0
Day_3,1.0,0.0,0.0,0.0,0.0,0.0,0.0,0.0
Day_3,1.0,0.0,0.0,0.0,0.0,0.0,0.0,0.0
Day_3,1.0,0.0,0.0,0.0,0.0,0.0,0.0,0.0
Day_3,1.0,0.0,0.0,0.0,0.0,0.0,0.0,0.0
Day_3,1.0,0.0,0.0,0.0,0.0,0.0,0.0,0.0
Day_3,1.0,0.0,0.0,0.0,0.0,0.0,0.0,0.0
Day_3,1.0,0.0,0.0,0.0,0.0,0.0,0.0,0.0
Day_3,1.0,0.0,0.0,0.0,0.0,0.0,0.0,0.0
Day_3,0.0,0.0,0.0,0.0,0.0,0.0,0.0,0.0
Day_3,0.0,0.0,0.0,0.0,0.0,0.0,0.0,0.0
Day_3,0.0,0.0,0.0,0.0,0.0,0.0,0.0,0.0
Day_3,0.0,0.0,0.0,0.0,0.0,0.0,0.0,0.0
Day_3,0.0,0.0,0.0,0.0,0.0,0.0,0.0,0.0
Day_3,0.0,0.0,0.0,0.0,0.0,0.0,0.0,0.0
Day_3,0.0,0.0,0.0,0.0,0.0,0.0,0.0,0.0
Day_3,0.0,0.0,0.0,0.0,0.0,0.0,0.0,0.0
Day_3,0.0,0.0,0.0,0.0,0.0,0.0,0.0,0.0
Day_3,0.0,0.0,0.0,0.0,0.0,0.0,0.0,0.0
Day_3,0.0,0.0,0.0,0.0,0.0,0.0,0.0,0.0
Day_3,0.0,0.0,0.0,0.0,0.0,0.0,0.0,0.0
Day_3,0.0,0.0,0.0,0.0,0.0,0.0,0.0,0.0
Day_3,0.0,0.0,0.0,0.0,0.0,0.0,0.0,0.0
Day_3,0.0,0.0,0.0,0.0,0.0,0.0,0.0,0.0
Day_3,0.0,0.0,0.0,0.0,0.0,0.0,0.0,0.0
Day_3,0.0,0.0,0.0,0.0,0.0,0.0,0.0,0.0
Day_3,0.0,0.0,0.0,0.0,0.0,0.0,0.0,0.0
Day_3,0.0,0.0,0.0,0.0,0.0,0.0,0.0,0.0
Day_3,0.0,0.0,0.0,0.0,0.0,0.0,0.0,0.0
Day_3,0.0,0.0,0.0,0.0,0.0,0.0,0.0,0.0
Day_3,0.0,0.0,0.0,0.0,0.0,0.0,0.0,0.0
Day_3,0.0,0.0,0.0,0.0,0.0,0.0,0.0,0.0
Day_3,0.0,0.0,0.0,0.0,0.0,0.0,0.0,0.0
Day_3,0.0,0.0,0.0,0.0,0.0,0.0,0.0,0.0
Day_3,0.0,0.0,0.0,0.0,0.0,0.0,0.0,0.0
Day_3,0.0,0.0,0.0,0.0,0.0,0.0,0.0,0.0
Day_3,0.0,0.0,0.0,0.0,0.0,0.0,0.0,0.0
Day_3,0.0,0.0,0.0,0.0,0.0,0.0,0.0,0.0
Day_3,0.0,0.0,0.0,0.0,0.0,0.0,0.0,0.0
Day_3,0.0,0.0,0.0,0.0,0.0,0.0,0.0,0.0
Day_3,0.0,0.0,0.0,0.0,0.0,0.0,0.0,0.0
Day_3,0.0,0.0,0.0,0.0,0.0,0.0,0.0,0.0
Day_3,0.0,0.0,0.0,0.0,0.0,0.0,0.0,0.0
Day_3,0.0,0.0,0.0,0.0,0.0,0.0,0.0,0.0
Day_3,0.0,0.0,0.0,0.0,0.0,0.0,0.0,0.0
Day_3,0.0,0.0,0.0,0.0,0.0,0.0,0.0,0.0
Day_3,0.0,0.0,0.0,0.0,0.0,0.0,0.0,0.0
Day_3,0.0,0.0,0.0,0.0,0.0,0.0,0.0,0.0
Day_3,0.0,0.0,0.0,0.0,0.0,0.0,0.0,0.0
Day_3,0.0,0.0,0.0,0.0,0.0,0.0,0.0,0.0
Day_3,0.0,0.0,0.0,0.0,0.0,0.0,0.0,0.0
Day_3,0.0,0.0,0.0,0.0,0.0,0.0,0.0,0.0
Day_3,0.0,0.0,0.0,0.0,0.0,0.0,0.0,0.0
Day_3,0.0,0.0,0.0,0.0,0.0,0.0,0.0,0.0
Day_3,0.0,0.0,0.0,0.0,0.0,0.0,0.0,0.0
Day_3,0.0,0.0,0.0,0.0,0.0,0.0,0.0,0.0
Day_3,0.0,0.0,0.0,0.0,0.0,0.0,0.0,0.0
Day_4,1.0,1.0,1.0,1.0,1.0,0.0,0.0,0.0
Day_4,1.0,1.0,1.0,1.0,0.0,0.0,0.0,0.0
Day_4,1.0,1.0,1.0,0.0,0.0,0.0,0.0,0.0
Day_4,1.0,1.0,1.0,0.0,0.0,0.0,0.0,0.0
Day_4,1.0,1.0,1.0,0.0,0.0,0.0,0.0,0.0
Day_4,1.0,1.0,1.0,0.0,0.0,0.0,0.0,0.0
Day_4,1.0,1.0,1.0,0.0,0.0,0.0,0.0,0.0
Day_4,1.0,1.0,1.0,0.0,0.0,0.0,0.0,0.0
Day_4,1.0,1.0,1.0,0.0,0.0,0.0,0.0,0.0
Day_4,1.0,1.0,1.0,0.0,0.0,0.0,0.0,0.0
Day_4,1.0,1.0,1.0,0.0,0.0,0.0,0.0,0.0
Day_4,1.0,1.0,1.0,0.0,0.0,0.0,0.0,0.0
Day_4,1.0,1.0,1.0,0.0,0.0,0.0,0.0,0.0
Day_4,1.0,1.0,1.0,0.0,0.0,0.0,0.0,0.0
Day_4,1.0,1.0,1.0,0.0,0.0,0.0,0.0,0.0
Day_4,1.0,1.0,1.0,0.0,0.0,0.0,0.0,0.0
Day_4,1.0,1.0,1.0,0.0,0.0,0.0,0.0,0.0
Day_4,1.0,1.0,1.0,0.0,0.0,0.0,0.0,0.0
Day_4,1.0,1.0,1.0,0.0,0.0,0.0,0.0,0.0
Day_4,1.0,1.0,1.0,0.0,0.0,0.0,0.0,0.0
Day_4,1.0,1.0,1.0,0.0,0.0,0.0,0.0,0.0
Day_4,1.0,1.0,1.0,0.0,0.0,0.0,0.0,0.0
Day_4,1.0,1.0,1.0,0.0,0.0,0.0,0.0,0.0
Day_4,1.0,1.0,1.0,0.0,0.0,0.0,0.0,0.0
Day_4,1.0,1.0,1.0,0.0,0.0,0.0,0.0,0.0
Day_4,1.0,1.0,1.0,0.0,0.0,0.0,0.0,0.0
Day_4,1.0,1.0,1.0,0.0,0.0,0.0,0.0,0.0
Day_4,1.0,1.0,1.0,0.0,0.0,0.0,0.0,0.0
Day_4,1.0,1.0,1.0,0.0,0.0,0.0,0.0,0.0
Day_4,1.0,1.0,1.0,0.0,0.0,0.0,0.0,0.0
Day_4,1.0,1.0,1.0,0.0,0.0,0.0,0.0,0.0
Day_4,1.0,1.0,0.0,0.0,0.0,0.0,0.0,0.0
Day_4,1.0,1.0,0.0,0.0,0.0,0.0,0.0,0.0
Day_4,1.0,1.0,0.0,0.0,0.0,0.0,0.0,0.0
Day_4,1.0,1.0,0.0,0.0,0.0,0.0,0.0,0.0
Day_4,1.0,0.0,0.0,0.0,0.0,0.0,0.0,0.0
Day_4,1.0,0.0,0.0,0.0,0.0,0.0,0.0,0.0
Day_4,1.0,0.0,0.0,0.0,0.0,0.0,0.0,0.0
Day_4,1.0,0.0,0.0,0.0,0.0,0.0,0.0,0.0
Day_4,1.0,0.0,0.0,0.0,0.0,0.0,0.0,0.0
Day_4,1.0,0.0,0.0,0.0,0.0,0.0,0.0,0.0
Day_4,1.0,0.0,0.0,0.0,0.0,0.0,0.0,0.0
Day_4,1.0,0.0,0.0,0.0,0.0,0.0,0.0,0.0
Day_4,1.0,0.0,0.0,0.0,0.0,0.0,0.0,0.0
Day_4,1.0,0.0,0.0,0.0,0.0,0.0,0.0,0.0
Day_4,1.0,0.0,0.0,0.0,0.0,0.0,0.0,0.0
Day_4,0.0,0.0,0.0,0.0,0.0,0.0,0.0,0.0
Day_4,0.0,0.0,0.0,0.0,0.0,0.0,0.0,0.0
Day_4,0.0,0.0,0.0,0.0,0.0,0.0,0.0,0.0
Day_4,0.0,0.0,0.0,0.0,0.0,0.0,0.0,0.0
Day_4,0.0,0.0,0.0,0.0,0.0,0.0,0.0,0.0
Day_4,0.0,0.0,0.0,0.0,0.0,0.0,0.0,0.0
Day_4,0.0,0.0,0.0,0.0,0.0,0.0,0.0,0.0
Day_4,0.0,0.0,0.0,0.0,0.0,0.0,0.0,0.0
Day_4,0.0,0.0,0.0,0.0,0.0,0.0,0.0,0.0
Day_4,0.0,0.0,0.0,0.0,0.0,0.0,0.0,0.0
Day_4,0.0,0.0,0.0,0.0,0.0,0.0,0.0,0.0
Day_4,0.0,0.0,0.0,0.0,0.0,0.0,0.0,0.0
Day_4,0.0,0.0,0.0,0.0,0.0,0.0,0.0,0.0
Day_4,0.0,0.0,0.0,0.0,0.0,0.0,0.0,0.0
Day_4,0.0,0.0,0.0,0.0,0.0,0.0,0.0,0.0
Day_4,0.0,0.0,0.0,0.0,0.0,0.0,0.0,0.0
Day_4,0.0,0.0,0.0,0.0,0.0,0.0,0.0,0.0
Day_4,0.0,0.0,0.0,0.0,0.0,0.0,0.0,0.0
Day_4,0.0,0.0,0.0,0.0,0.0,0.0,0.0,0.0
Day_4,0.0,0.0,0.0,0.0,0.0,0.0,0.0,0.0
Day_4,0.0,0.0,0.0,0.0,0.0,0.0,0.0,0.0
Day_4,0.0,0.0,0.0,0.0,0.0,0.0,0.0,0.0
Day_4,0.0,0.0,0.0,0.0,0.0,0.0,0.0,0.0
Day_4,0.0,0.0,0.0,0.0,0.0,0.0,0.0,0.0
Day_4,0.0,0.0,0.0,0.0,0.0,0.0,0.0,0.0
Day_4,0.0,0.0,0.0,0.0,0.0,0.0,0.0,0.0
Day_4,0.0,0.0,0.0,0.0,0.0,0.0,0.0,0.0
Day_4,0.0,0.0,0.0,0.0,0.0,0.0,0.0,0.0
Day_4,0.0,0.0,0.0,0.0,0.0,0.0,0.0,0.0
Day_4,0.0,0.0,0.0,0.0,0.0,0.0,0.0,0.0
Day_4,0.0,0.0,0.0,0.0,0.0,0.0,0.0,0.0
Day_4,0.0,0.0,0.0,0.0,0.0,0.0,0.0,0.0
Day_5,1.0,1.0,1.0,1.0,1.0,1.0,1.0,0.0
Day_5,1.0,1.0,1.0,1.0,1.0,0.0,0.0,0.0
Day_5,1.0,1.0,1.0,1.0,0.0,0.0,0.0,0.0
Day_5,1.0,1.0,1.0,1.0,0.0,0.0,0.0,0.0
Day_5,1.0,1.0,1.0,1.0,0.0,0.0,0.0,0.0
Day_5,1.0,1.0,1.0,1.0,0.0,0.0,0.0,0.0
Day_5,1.0,1.0,1.0,1.0,0.0,0.0,0.0,0.0
Day_5,1.0,1.0,1.0,1.0,0.0,0.0,0.0,0.0
Day_5,1.0,1.0,1.0,0.0,0.0,0.0,0.0,0.0
Day_5,1.0,1.0,1.0,0.0,0.0,0.0,0.0,0.0
Day_5,1.0,1.0,1.0,0.0,0.0,0.0,0.0,0.0
Day_5,1.0,1.0,1.0,0.0,0.0,0.0,0.0,0.0
Day_5,1.0,1.0,1.0,0.0,0.0,0.0,0.0,0.0
Day_5,1.0,1.0,1.0,0.0,0.0,0.0,0.0,0.0
Day_5,1.0,1.0,1.0,0.0,0.0,0.0,0.0,0.0
Day_5,1.0,1.0,1.0,0.0,0.0,0.0,0.0,0.0
Day_5,1.0,1.0,1.0,0.0,0.0,0.0,0.0,0.0
Day_5,1.0,1.0,1.0,0.0,0.0,0.0,0.0,0.0
Day_5,1.0,1.0,1.0,0.0,0.0,0.0,0.0,0.0
Day_5,1.0,1.0,1.0,0.0,0.0,0.0,0.0,0.0
Day_5,1.0,1.0,1.0,0.0,0.0,0.0,0.0,0.0
Day_5,1.0,1.0,1.0,0.0,0.0,0.0,0.0,0.0
Day_5,1.0,1.0,1.0,0.0,0.0,0.0,0.0,0.0
Day_5,1.0,1.0,1.0,0.0,0.0,0.0,0.0,0.0
Day_5,1.0,1.0,1.0,0.0,0.0,0.0,0.0,0.0
Day_5,1.0,1.0,1.0,0.0,0.0,0.0,0.0,0.0
Day_5,1.0,1.0,1.0,0.0,0.0,0.0,0.0,0.0
Day_5,1.0,1.0,1.0,0.0,0.0,0.0,0.0,0.0
Day_5,1.0,1.0,1.0,0.0,0.0,0.0,0.0,0.0
Day_5,1.0,1.0,1.0,0.0,0.0,0.0,0.0,0.0
Day_5,1.0,1.0,1.0,0.0,0.0,0.0,0.0,0.0
Day_5,1.0,1.0,1.0,0.0,0.0,0.0,0.0,0.0
Day_5,1.0,1.0,1.0,0.0,0.0,0.0,0.0,0.0
Day_5,1.0,1.0,1.0,0.0,0.0,0.0,0.0,0.0
Day_5,1.0,1.0,1.0,0.0,0.0,0.0,0.0,0.0
Day_5,1.0,1.0,1.0,0.0,0.0,0.0,0.0,0.0
Day_5,1.0,1.0,1.0,0.0,0.0,0.0,0.0,0.0
Day_5,1.0,1.0,1.0,0.0,0.0,0.0,0.0,0.0
Day_5,1.0,1.0,1.0,0.0,0.0,0.0,0.0,0.0
Day_5,1.0,1.0,1.0,0.0,0.0,0.0,0.0,0.0
Day_5,1.0,1.0,1.0,0.0,0.0,0.0,0.0,0.0
Day_5,1.0,1.0,1.0,0.0,0.0,0.0,0.0,0.0
Day_5,1.0,1.0,1.0,0.0,0.0,0.0,0.0,0.0
Day_5,1.0,1.0,1.0,0.0,0.0,0.0,0.0,0.0
Day_5,1.0,1.0,1.0,0.0,0.0,0.0,0.0,0.0
Day_5,1.0,1.0,0.0,0.0,0.0,0.0,0.0,0.0
Day_5,1.0,1.0,0.0,0.0,0.0,0.0,0.0,0.0
Day_5,1.0,1.0,0.0,0.0,0.0,0.0,0.0,0.0
Day_5,1.0,1.0,0.0,0.0,0.0,0.0,0.0,0.0
Day_5,1.0,1.0,0.0,0.0,0.0,0.0,0.0,0.0
Day_5,1.0,1.0,0.0,0.0,0.0,0.0,0.0,0.0
Day_5,1.0,1.0,0.0,0.0,0.0,0.0,0.0,0.0
Day_5,1.0,1.0,0.0,0.0,0.0,0.0,0.0,0.0
Day_5,1.0,1.0,0.0,0.0,0.0,0.0,0.0,0.0
Day_5,1.0,1.0,0.0,0.0,0.0,0.0,0.0,0.0
Day_5,1.0,1.0,0.0,0.0,0.0,0.0,0.0,0.0
Day_5,1.0,1.0,0.0,0.0,0.0,0.0,0.0,0.0
Day_5,1.0,1.0,0.0,0.0,0.0,0.0,0.0,0.0
Day_5,1.0,1.0,0.0,0.0,0.0,0.0,0.0,0.0
Day_5,1.0,1.0,0.0,0.0,0.0,0.0,0.0,0.0
Day_5,1.0,1.0,0.0,0.0,0.0,0.0,0.0,0.0
Day_5,1.0,1.0,0.0,0.0,0.0,0.0,0.0,0.0
Day_5,1.0,1.0,0.0,0.0,0.0,0.0,0.0,0.0
Day_5,1.0,0.0,0.0,0.0,0.0,0.0,0.0,0.0
Day_5,1.0,0.0,0.0,0.0,0.0,0.0,0.0,0.0
Day_5,1.0,0.0,0.0,0.0,0.0,0.0,0.0,0.0
Day_5,1.0,0.0,0.0,0.0,0.0,0.0,0.0,0.0
Day_5,1.0,0.0,0.0,0.0,0.0,0.0,0.0,0.0
Day_5,1.0,0.0,0.0,0.0,0.0,0.0,0.0,0.0
Day_5,1.0,0.0,0.0,0.0,0.0,0.0,0.0,0.0
Day_5,1.0,0.0,0.0,0.0,0.0,0.0,0.0,0.0
Day_5,1.0,0.0,0.0,0.0,0.0,0.0,0.0,0.0
Day_5,1.0,0.0,0.0,0.0,0.0,0.0,0.0,0.0
Day_5,1.0,0.0,0.0,0.0,0.0,0.0,0.0,0.0
Day_5,1.0,0.0,0.0,0.0,0.0,0.0,0.0,0.0
Day_5,1.0,0.0,0.0,0.0,0.0,0.0,0.0,0.0
Day_5,1.0,0.0,0.0,0.0,0.0,0.0,0.0,0.0
Day_5,1.0,0.0,0.0,0.0,0.0,0.0,0.0,0.0
Day_5,1.0,0.0,0.0,0.0,0.0,0.0,0.0,0.0
Day_5,1.0,0.0,0.0,0.0,0.0,0.0,0.0,0.0
Day_5,1.0,0.0,0.0,0.0,0.0,0.0,0.0,0.0
Day_5,1.0,0.0,0.0,0.0,0.0,0.0,0.0,0.0
Day_5,1.0,0.0,0.0,0.0,0.0,0.0,0.0,0.0
Day_5,1.0,0.0,0.0,0.0,0.0,0.0,0.0,0.0
Day_5,1.0,0.0,0.0,0.0,0.0,0.0,0.0,0.0
Day_5,1.0,0.0,0.0,0.0,0.0,0.0,0.0,0.0
Day_5,1.0,0.0,0.0,0.0,0.0,0.0,0.0,0.0
Day_5,1.0,0.0,0.0,0.0,0.0,0.0,0.0,0.0
Day_5,0.0,0.0,0.0,0.0,0.0,0.0,0.0,0.0
Day_5,0.0,0.0,0.0,0.0,0.0,0.0,0.0,0.0
Day_5,0.0,0.0,0.0,0.0,0.0,0.0,0.0,0.0
Day_5,0.0,0.0,0.0,0.0,0.0,0.0,0.0,0.0
Day_5,0.0,0.0,0.0,0.0,0.0,0.0,0.0,0.0
Day_5,0.0,0.0,0.0,0.0,0.0,0.0,0.0,0.0
Day_5,0.0,0.0,0.0,0.0,0.0,0.0,0.0,0.0
Day_5,0.0,0.0,0.0,0.0,0.0,0.0,0.0,0.0
Day_5,0.0,0.0,0.0,0.0,0.0,0.0,0.0,0.0
Day_5,0.0,0.0,0.0,0.0,0.0,0.0,0.0,0.0
Day_5,0.0,0.0,0.0,0.0,0.0,0.0,0.0,0.0
Day_5,0.0,0.0,0.0,0.0,0.0,0.0,0.0,0.0
Day_5,0.0,0.0,0.0,0.0,0.0,0.0,0.0,0.0
Day_5,0.0,0.0,0.0,0.0,0.0,0.0,0.0,0.0
Day_5,0.0,0.0,0.0,0.0,0.0,0.0,0.0,0.0
Day_5,0.0,0.0,0.0,0.0,0.0,0.0,0.0,0.0
Day_5,0.0,0.0,0.0,0.0,0.0,0.0,0.0,0.0
Day_5,0.0,0.0,0.0,0.0,0.0,0.0,0.0,0.0
Day_5,0.0,0.0,0.0,0.0,0.0,0.0,0.0,0.0
Day_5,0.0,0.0,0.0,0.0,0.0,0.0,0.0,0.0
Day_5,0.0,0.0,0.0,0.0,0.0,0.0,0.0,0.0
Day_5,0.0,0.0,0.0,0.0,0.0,0.0,0.0,0.0
Day_5,0.0,0.0,0.0,0.0,0.0,0.0,0.0,0.0
Day_5,0.0,0.0,0.0,0.0,0.0,0.0,0.0,0.0
Day_5,0.0,0.0,0.0,0.0,0.0,0.0,0.0,0.0
Day_5,0.0,0.0,0.0,0.0,0.0,0.0,0.0,0.0
Day_5,0.0,0.0,0.0,0.0,0.0,0.0,0.0,0.0
Day_5,0.0,0.0,0.0,0.0,0.0,0.0,0.0,0.0
Day_5,0.0,0.0,0.0,0.0,0.0,0.0,0.0,0.0
Day_5,0.0,0.0,0.0,0.0,0.0,0.0,0.0,0.0
Day_5,0.0,0.0,0.0,0.0,0.0,0.0,0.0,0.0
Day_5,0.0,0.0,0.0,0.0,0.0,0.0,0.0,0.0
Day_5,0.0,0.0,0.0,0.0,0.0,0.0,0.0,0.0
Day_5,0.0,0.0,0.0,0.0,0.0,0.0,0.0,0.0
Day_5,0.0,0.0,0.0,0.0,0.0,0.0,0.0,0.0
Day_5,0.0,0.0,0.0,0.0,0.0,0.0,0.0,0.0
Day_5,0.0,0.0,0.0,0.0,0.0,0.0,0.0,0.0
Day_5,0.0,0.0,0.0,0.0,0.0,0.0,0.0,0.0
Day_5,0.0,0.0,0.0,0.0,0.0,0.0,0.0,0.0
Day_5,0.0,0.0,0.0,0.0,0.0,0.0,0.0,0.0
Day_5,0.0,0.0,0.0,0.0,0.0,0.0,0.0,0.0
Day_5,0.0,0.0,0.0,0.0,0.0,0.0,0.0,0.0
Day_5,0.0,0.0,0.0,0.0,0.0,0.0,0.0,0.0
Day_5,0.0,0.0,0.0,0.0,0.0,0.0,0.0,0.0
Day_5,0.0,0.0,0.0,0.0,0.0,0.0,0.0,0.0
Day_5,0.0,0.0,0.0,0.0,0.0,0.0,0.0,0.0
Day_5,0.0,0.0,0.0,0.0,0.0,0.0,0.0,0.0
Day_5,0.0,0.0,0.0,0.0,0.0,0.0,0.0,0.0
Day_5,0.0,0.0,0.0,0.0,0.0,0.0,0.0,0.0
Day_5,0.0,0.0,0.0,0.0,0.0,0.0,0.0,0.0
Day_5,0.0,0.0,0.0,0.0,0.0,0.0,0.0,0.0
Day_5,0.0,0.0,0.0,0.0,0.0,0.0,0.0,0.0
Day_5,0.0,0.0,0.0,0.0,0.0,0.0,0.0,0.0
Day_5,0.0,0.0,0.0,0.0,0.0,0.0,0.0,0.0
Day_5,0.0,0.0,0.0,0.0,0.0,0.0,0.0,0.0
Day_5,0.0,0.0,0.0,0.0,0.0,0.0,0.0,0.0
Day_5,0.0,0.0,0.0,0.0,0.0,0.0,0.0,0.0
Day_5,0.0,0.0,0.0,0.0,0.0,0.0,0.0,0.0
Day_5,0.0,0.0,0.0,0.0,0.0,0.0,0.0,0.0
Day_5,0.0,0.0,0.0,0.0,0.0,0.0,0.0,0.0
Day_5,0.0,0.0,0.0,0.0,0.0,0.0,0.0,0.0
Day_5,0.0,0.0,0.0,0.0,0.0,0.0,0.0,0.0
Day_5,0.0,0.0,0.0,0.0,0.0,0.0,0.0,0.0
Day_6,1.0,1.0,1.0,1.0,1.0,1.0,1.0,0.0
Day_6,1.0,1.0,1.0,0.0,0.0,0.0,0.0,0.0
Day_6,1.0,1.0,1.0,0.0,0.0,0.0,0.0,0.0
Day_6,1.0,1.0,1.0,0.0,0.0,0.0,0.0,0.0
Day_6,1.0,1.0,1.0,0.0,0.0,0.0,0.0,0.0
Day_6,1.0,1.0,1.0,0.0,0.0,0.0,0.0,0.0
Day_6,1.0,1.0,1.0,0.0,0.0,0.0,0.0,0.0
Day_6,1.0,1.0,1.0,0.0,0.0,0.0,0.0,0.0
Day_6,1.0,1.0,1.0,0.0,0.0,0.0,0.0,0.0
Day_6,1.0,1.0,1.0,0.0,0.0,0.0,0.0,0.0
Day_6,1.0,1.0,1.0,0.0,0.0,0.0,0.0,0.0
Day_6,1.0,1.0,1.0,0.0,0.0,0.0,0.0,0.0
Day_6,1.0,1.0,1.0,0.0,0.0,0.0,0.0,0.0
Day_6,1.0,1.0,1.0,0.0,0.0,0.0,0.0,0.0
Day_6,1.0,1.0,1.0,0.0,0.0,0.0,0.0,0.0
Day_6,1.0,1.0,1.0,0.0,0.0,0.0,0.0,0.0
Day_6,1.0,1.0,1.0,0.0,0.0,0.0,0.0,0.0
Day_6,1.0,1.0,1.0,0.0,0.0,0.0,0.0,0.0
Day_6,1.0,1.0,1.0,0.0,0.0,0.0,0.0,0.0
Day_6,1.0,1.0,1.0,0.0,0.0,0.0,0.0,0.0
Day_6,1.0,1.0,1.0,0.0,0.0,0.0,0.0,0.0
Day_6,1.0,1.0,1.0,0.0,0.0,0.0,0.0,0.0
Day_6,1.0,1.0,1.0,0.0,0.0,0.0,0.0,0.0
Day_6,1.0,1.0,1.0,0.0,0.0,0.0,0.0,0.0
Day_6,1.0,1.0,1.0,0.0,0.0,0.0,0.0,0.0
Day_6,1.0,1.0,0.0,0.0,0.0,0.0,0.0,0.0
Day_6,1.0,1.0,0.0,0.0,0.0,0.0,0.0,0.0
Day_6,1.0,1.0,0.0,0.0,0.0,0.0,0.0,0.0
Day_6,1.0,0.0,0.0,0.0,0.0,0.0,0.0,0.0
Day_6,1.0,0.0,0.0,0.0,0.0,0.0,0.0,0.0
Day_6,1.0,0.0,0.0,0.0,0.0,0.0,0.0,0.0
Day_6,1.0,0.0,0.0,0.0,0.0,0.0,0.0,0.0
Day_6,1.0,0.0,0.0,0.0,0.0,0.0,0.0,0.0
Day_6,1.0,0.0,0.0,0.0,0.0,0.0,0.0,0.0
Day_6,1.0,0.0,0.0,0.0,0.0,0.0,0.0,0.0
Day_6,1.0,0.0,0.0,0.0,0.0,0.0,0.0,0.0
Day_6,1.0,0.0,0.0,0.0,0.0,0.0,0.0,0.0
Day_6,1.0,0.0,0.0,0.0,0.0,0.0,0.0,0.0
Day_6,1.0,0.0,0.0,0.0,0.0,0.0,0.0,0.0
Day_6,1.0,0.0,0.0,0.0,0.0,0.0,0.0,0.0
Day_6,1.0,0.0,0.0,0.0,0.0,0.0,0.0,0.0
Day_6,1.0,0.0,0.0,0.0,0.0,0.0,0.0,0.0
Day_6,1.0,0.0,0.0,0.0,0.0,0.0,0.0,0.0
Day_6,1.0,0.0,0.0,0.0,0.0,0.0,0.0,0.0
Day_6,0.0,0.0,0.0,0.0,0.0,0.0,0.0,0.0
Day_6,0.0,0.0,0.0,0.0,0.0,0.0,0.0,0.0
Day_6,0.0,0.0,0.0,0.0,0.0,0.0,0.0,0.0
Day_6,0.0,0.0,0.0,0.0,0.0,0.0,0.0,0.0
Day_6,0.0,0.0,0.0,0.0,0.0,0.0,0.0,0.0
Day_6,0.0,0.0,0.0,0.0,0.0,0.0,0.0,0.0
Day_6,0.0,0.0,0.0,0.0,0.0,0.0,0.0,0.0
Day_6,0.0,0.0,0.0,0.0,0.0,0.0,0.0,0.0
Day_6,0.0,0.0,0.0,0.0,0.0,0.0,0.0,0.0
Day_6,0.0,0.0,0.0,0.0,0.0,0.0,0.0,0.0
Day_6,0.0,0.0,0.0,0.0,0.0,0.0,0.0,0.0
Day_6,0.0,0.0,0.0,0.0,0.0,0.0,0.0,0.0
Day_6,0.0,0.0,0.0,0.0,0.0,0.0,0.0,0.0
Day_6,0.0,0.0,0.0,0.0,0.0,0.0,0.0,0.0
Day_6,0.0,0.0,0.0,0.0,0.0,0.0,0.0,0.0
Day_6,0.0,0.0,0.0,0.0,0.0,0.0,0.0,0.0
Day_6,0.0,0.0,0.0,0.0,0.0,0.0,0.0,0.0
Day_6,0.0,0.0,0.0,0.0,0.0,0.0,0.0,0.0
Day_6,0.0,0.0,0.0,0.0,0.0,0.0,0.0,0.0
Day_6,0.0,0.0,0.0,0.0,0.0,0.0,0.0,0.0
Day_6,0.0,0.0,0.0,0.0,0.0,0.0,0.0,0.0
Day_6,0.0,0.0,0.0,0.0,0.0,0.0,0.0,0.0
Day_6,0.0,0.0,0.0,0.0,0.0,0.0,0.0,0.0
Day_6,0.0,0.0,0.0,0.0,0.0,0.0,0.0,0.0
Day_6,0.0,0.0,0.0,0.0,0.0,0.0,0.0,0.0
Day_6,0.0,0.0,0.0,0.0,0.0,0.0,0.0,0.0
Day_6,0.0,0.0,0.0,0.0,0.0,0.0,0.0,0.0
Day_6,0.0,0.0,0.0,0.0,0.0,0.0,0.0,0.0
Day_6,0.0,0.0,0.0,0.0,0.0,0.0,0.0,0.0
Day_6,0.0,0.0,0.0,0.0,0.0,0.0,0.0,0.0
Day_6,0.0,0.0,0.0,0.0,0.0,0.0,0.0,0.0
Day_6,0.0,0.0,0.0,0.0,0.0,0.0,0.0,0.0
Day_6,0.0,0.0,0.0,0.0,0.0,0.0,0.0,0.0
Day_6,0.0,0.0,0.0,0.0,0.0,0.0,0.0,0.0
Day_6,0.0,0.0,0.0,0.0,0.0,0.0,0.0,0.0
Day_7,1.0,1.0,1.0,1.0,1.0,0.0,0.0,0.0
Day_7,1.0,1.0,1.0,1.0,0.0,0.0,0.0,0.0
Day_7,1.0,1.0,1.0,1.0,0.0,0.0,0.0,0.0
Day_7,1.0,1.0,1.0,1.0,0.0,0.0,0.0,0.0
Day_7,1.0,1.0,1.0,0.0,0.0,0.0,0.0,0.0
Day_7,1.0,1.0,1.0,0.0,0.0,0.0,0.0,0.0
Day_7,1.0,1.0,1.0,0.0,0.0,0.0,0.0,0.0
Day_7,1.0,1.0,1.0,0.0,0.0,0.0,0.0,0.0
Day_7,1.0,1.0,1.0,0.0,0.0,0.0,0.0,0.0
Day_7,1.0,1.0,1.0,0.0,0.0,0.0,0.0,0.0
Day_7,1.0,1.0,1.0,0.0,0.0,0.0,0.0,0.0
Day_7,1.0,1.0,1.0,0.0,0.0,0.0,0.0,0.0
Day_7,1.0,1.0,1.0,0.0,0.0,0.0,0.0,0.0
Day_7,1.0,1.0,1.0,0.0,0.0,0.0,0.0,0.0
Day_7,1.0,1.0,1.0,0.0,0.0,0.0,0.0,0.0
Day_7,1.0,1.0,1.0,0.0,0.0,0.0,0.0,0.0
Day_7,1.0,1.0,1.0,0.0,0.0,0.0,0.0,0.0
Day_7,1.0,1.0,1.0,0.0,0.0,0.0,0.0,0.0
Day_7,1.0,1.0,1.0,0.0,0.0,0.0,0.0,0.0
Day_7,1.0,1.0,1.0,0.0,0.0,0.0,0.0,0.0
Day_7,1.0,1.0,1.0,0.0,0.0,0.0,0.0,0.0
Day_7,1.0,1.0,1.0,0.0,0.0,0.0,0.0,0.0
Day_7,1.0,1.0,1.0,0.0,0.0,0.0,0.0,0.0
Day_7,1.0,1.0,1.0,0.0,0.0,0.0,0.0,0.0
Day_7,1.0,1.0,1.0,0.0,0.0,0.0,0.0,0.0
Day_7,1.0,1.0,1.0,0.0,0.0,0.0,0.0,0.0
Day_7,1.0,1.0,1.0,0.0,0.0,0.0,0.0,0.0
Day_7,1.0,1.0,1.0,0.0,0.0,0.0,0.0,0.0
Day_7,1.0,1.0,1.0,0.0,0.0,0.0,0.0,0.0
Day_7,1.0,1.0,1.0,0.0,0.0,0.0,0.0,0.0
Day_7,1.0,1.0,1.0,0.0,0.0,0.0,0.0,0.0
Day_7,1.0,1.0,1.0,0.0,0.0,0.0,0.0,0.0
Day_7,1.0,1.0,1.0,0.0,0.0,0.0,0.0,0.0
Day_7,1.0,1.0,1.0,0.0,0.0,0.0,0.0,0.0
Day_7,1.0,1.0,1.0,0.0,0.0,0.0,0.0,0.0
Day_7,1.0,1.0,1.0,0.0,0.0,0.0,0.0,0.0
Day_7,1.0,1.0,0.0,0.0,0.0,0.0,0.0,0.0
Day_7,1.0,1.0,0.0,0.0,0.0,0.0,0.0,0.0
Day_7,1.0,1.0,0.0,0.0,0.0,0.0,0.0,0.0
Day_7,1.0,1.0,0.0,0.0,0.0,0.0,0.0,0.0
Day_7,1.0,1.0,0.0,0.0,0.0,0.0,0.0,0.0
Day_7,1.0,1.0,0.0,0.0,0.0,0.0,0.0,0.0
Day_7,1.0,1.0,0.0,0.0,0.0,0.0,0.0,0.0
Day_7,1.0,1.0,0.0,0.0,0.0,0.0,0.0,0.0
Day_7,1.0,0.0,0.0,0.0,0.0,0.0,0.0,0.0
Day_7,1.0,0.0,0.0,0.0,0.0,0.0,0.0,0.0
Day_7,1.0,0.0,0.0,0.0,0.0,0.0,0.0,0.0
Day_7,1.0,0.0,0.0,0.0,0.0,0.0,0.0,0.0
Day_7,1.0,0.0,0.0,0.0,0.0,0.0,0.0,0.0
Day_7,1.0,0.0,0.0,0.0,0.0,0.0,0.0,0.0
Day_7,1.0,0.0,0.0,0.0,0.0,0.0,0.0,0.0
Day_7,1.0,0.0,0.0,0.0,0.0,0.0,0.0,0.0
Day_7,1.0,0.0,0.0,0.0,0.0,0.0,0.0,0.0
Day_7,1.0,0.0,0.0,0.0,0.0,0.0,0.0,0.0
Day_7,1.0,0.0,0.0,0.0,0.0,0.0,0.0,0.0
Day_7,1.0,0.0,0.0,0.0,0.0,0.0,0.0,0.0
Day_7,1.0,0.0,0.0,0.0,0.0,0.0,0.0,0.0
Day_7,1.0,0.0,0.0,0.0,0.0,0.0,0.0,0.0
Day_7,0.0,0.0,0.0,0.0,0.0,0.0,0.0,0.0
Day_7,0.0,0.0,0.0,0.0,0.0,0.0,0.0,0.0
Day_7,0.0,0.0,0.0,0.0,0.0,0.0,0.0,0.0
Day_7,0.0,0.0,0.0,0.0,0.0,0.0,0.0,0.0
Day_7,0.0,0.0,0.0,0.0,0.0,0.0,0.0,0.0
Day_7,0.0,0.0,0.0,0.0,0.0,0.0,0.0,0.0
Day_7,0.0,0.0,0.0,0.0,0.0,0.0,0.0,0.0
Day_7,0.0,0.0,0.0,0.0,0.0,0.0,0.0,0.0
Day_7,0.0,0.0,0.0,0.0,0.0,0.0,0.0,0.0
Day_7,0.0,0.0,0.0,0.0,0.0,0.0,0.0,0.0
Day_7,0.0,0.0,0.0,0.0,0.0,0.0,0.0,0.0
Day_7,0.0,0.0,0.0,0.0,0.0,0.0,0.0,0.0
Day_7,0.0,0.0,0.0,0.0,0.0,0.0,0.0,0.0
Day_7,0.0,0.0,0.0,0.0,0.0,0.0,0.0,0.0
Day_7,0.0,0.0,0.0,0.0,0.0,0.0,0.0,0.0
Day_7,0.0,0.0,0.0,0.0,0.0,0.0,0.0,0.0
Day_7,0.0,0.0,0.0,0.0,0.0,0.0,0.0,0.0
Day_7,0.0,0.0,0.0,0.0,0.0,0.0,0.0,0.0
Day_7,0.0,0.0,0.0,0.0,0.0,0.0,0.0,0.0
Day_7,0.0,0.0,0.0,0.0,0.0,0.0,0.0,0.0
Day_7,0.0,0.0,0.0,0.0,0.0,0.0,0.0,0.0
Day_7,0.0,0.0,0.0,0.0,0.0,0.0,0.0,0.0
Day_7,0.0,0.0,0.0,0.0,0.0,0.0,0.0,0.0
Day_7,0.0,0.0,0.0,0.0,0.0,0.0,0.0,0.0
Day_7,0.0,0.0,0.0,0.0,0.0,0.0,0.0,0.0
Day_7,0.0,0.0,0.0,0.0,0.0,0.0,0.0,0.0
Day_7,0.0,0.0,0.0,0.0,0.0,0.0,0.0,0.0
Day_7,0.0,0.0,0.0,0.0,0.0,0.0,0.0,0.0
Day_7,0.0,0.0,0.0,0.0,0.0,0.0,0.0,0.0
Day_8,1.0,1.0,1.0,1.0,1.0,0.0,0.0,0.0
Day_8,1.0,1.0,1.0,1.0,1.0,0.0,0.0,0.0
Day_8,1.0,1.0,1.0,1.0,1.0,0.0,0.0,0.0
Day_8,1.0,1.0,1.0,1.0,1.0,0.0,0.0,0.0
Day_8,1.0,1.0,1.0,1.0,1.0,0.0,0.0,0.0
Day_8,1.0,1.0,1.0,1.0,0.0,0.0,0.0,0.0
Day_8,1.0,1.0,1.0,0.0,0.0,0.0,0.0,0.0
Day_8,1.0,1.0,1.0,0.0,0.0,0.0,0.0,0.0
Day_8,1.0,1.0,1.0,0.0,0.0,0.0,0.0,0.0
Day_8,1.0,1.0,1.0,0.0,0.0,0.0,0.0,0.0
Day_8,1.0,1.0,1.0,0.0,0.0,0.0,0.0,0.0
Day_8,1.0,1.0,1.0,0.0,0.0,0.0,0.0,0.0
Day_8,1.0,1.0,1.0,0.0,0.0,0.0,0.0,0.0
Day_8,1.0,1.0,1.0,0.0,0.0,0.0,0.0,0.0
Day_8,1.0,1.0,1.0,0.0,0.0,0.0,0.0,0.0
Day_8,1.0,1.0,1.0,0.0,0.0,0.0,0.0,0.0
Day_8,1.0,1.0,1.0,0.0,0.0,0.0,0.0,0.0
Day_8,1.0,1.0,1.0,0.0,0.0,0.0,0.0,0.0
Day_8,1.0,1.0,1.0,0.0,0.0,0.0,0.0,0.0
Day_8,1.0,1.0,1.0,0.0,0.0,0.0,0.0,0.0
Day_8,1.0,1.0,1.0,0.0,0.0,0.0,0.0,0.0
Day_8,1.0,1.0,1.0,0.0,0.0,0.0,0.0,0.0
Day_8,1.0,1.0,1.0,0.0,0.0,0.0,0.0,0.0
Day_8,1.0,1.0,1.0,0.0,0.0,0.0,0.0,0.0
Day_8,1.0,1.0,1.0,0.0,0.0,0.0,0.0,0.0
Day_8,1.0,1.0,1.0,0.0,0.0,0.0,0.0,0.0
Day_8,1.0,1.0,1.0,0.0,0.0,0.0,0.0,0.0
Day_8,1.0,1.0,1.0,0.0,0.0,0.0,0.0,0.0
Day_8,1.0,1.0,1.0,0.0,0.0,0.0,0.0,0.0
Day_8,1.0,1.0,1.0,0.0,0.0,0.0,0.0,0.0
Day_8,1.0,1.0,1.0,0.0,0.0,0.0,0.0,0.0
Day_8,1.0,1.0,1.0,0.0,0.0,0.0,0.0,0.0
Day_8,1.0,1.0,1.0,0.0,0.0,0.0,0.0,0.0
Day_8,1.0,1.0,1.0,0.0,0.0,0.0,0.0,0.0
Day_8,1.0,1.0,1.0,0.0,0.0,0.0,0.0,0.0
Day_8,1.0,1.0,1.0,0.0,0.0,0.0,0.0,0.0
Day_8,1.0,1.0,1.0,0.0,0.0,0.0,0.0,0.0
Day_8,1.0,1.0,1.0,0.0,0.0,0.0,0.0,0.0
Day_8,1.0,1.0,1.0,0.0,0.0,0.0,0.0,0.0
Day_8,1.0,1.0,1.0,0.0,0.0,0.0,0.0,0.0
Day_8,1.0,1.0,1.0,0.0,0.0,0.0,0.0,0.0
Day_8,1.0,1.0,1.0,0.0,0.0,0.0,0.0,0.0
Day_8,1.0,1.0,1.0,0.0,0.0,0.0,0.0,0.0
Day_8,1.0,1.0,1.0,0.0,0.0,0.0,0.0,0.0
Day_8,1.0,1.0,1.0,0.0,0.0,0.0,0.0,0.0
Day_8,1.0,1.0,1.0,0.0,0.0,0.0,0.0,0.0
Day_8,1.0,1.0,1.0,0.0,0.0,0.0,0.0,0.0
Day_8,1.0,1.0,1.0,0.0,0.0,0.0,0.0,0.0
Day_8,1.0,1.0,0.0,0.0,0.0,0.0,0.0,0.0
Day_8,1.0,1.0,0.0,0.0,0.0,0.0,0.0,0.0
Day_8,1.0,1.0,0.0,0.0,0.0,0.0,0.0,0.0
Day_8,1.0,1.0,0.0,0.0,0.0,0.0,0.0,0.0
Day_8,1.0,1.0,0.0,0.0,0.0,0.0,0.0,0.0
Day_8,1.0,1.0,0.0,0.0,0.0,0.0,0.0,0.0
Day_8,1.0,1.0,0.0,0.0,0.0,0.0,0.0,0.0
Day_8,1.0,0.0,0.0,0.0,0.0,0.0,0.0,0.0
Day_8,1.0,0.0,0.0,0.0,0.0,0.0,0.0,0.0
Day_8,1.0,0.0,0.0,0.0,0.0,0.0,0.0,0.0
Day_8,1.0,0.0,0.0,0.0,0.0,0.0,0.0,0.0
Day_8,1.0,0.0,0.0,0.0,0.0,0.0,0.0,0.0
Day_8,1.0,0.0,0.0,0.0,0.0,0.0,0.0,0.0
Day_8,1.0,0.0,0.0,0.0,0.0,0.0,0.0,0.0
Day_8,1.0,0.0,0.0,0.0,0.0,0.0,0.0,0.0
Day_8,1.0,0.0,0.0,0.0,0.0,0.0,0.0,0.0
Day_8,1.0,0.0,0.0,0.0,0.0,0.0,0.0,0.0
Day_8,1.0,0.0,0.0,0.0,0.0,0.0,0.0,0.0
Day_8,0.0,0.0,0.0,0.0,0.0,0.0,0.0,0.0
Day_8,0.0,0.0,0.0,0.0,0.0,0.0,0.0,0.0
Day_8,0.0,0.0,0.0,0.0,0.0,0.0,0.0,0.0
Day_8,0.0,0.0,0.0,0.0,0.0,0.0,0.0,0.0
Day_8,0.0,0.0,0.0,0.0,0.0,0.0,0.0,0.0
Day_8,0.0,0.0,0.0,0.0,0.0,0.0,0.0,0.0
Day_8,0.0,0.0,0.0,0.0,0.0,0.0,0.0,0.0
Day_8,0.0,0.0,0.0,0.0,0.0,0.0,0.0,0.0
Day_8,0.0,0.0,0.0,0.0,0.0,0.0,0.0,0.0
Day_8,0.0,0.0,0.0,0.0,0.0,0.0,0.0,0.0
Day_8,0.0,0.0,0.0,0.0,0.0,0.0,0.0,0.0
Day_8,0.0,0.0,0.0,0.0,0.0,0.0,0.0,0.0
Day_8,0.0,0.0,0.0,0.0,0.0,0.0,0.0,0.0
Day_8,0.0,0.0,0.0,0.0,0.0,0.0,0.0,0.0
Day_8,0.0,0.0,0.0,0.0,0.0,0.0,0.0,0.0
Day_8,0.0,0.0,0.0,0.0,0.0,0.0,0.0,0.0
Day_8,0.0,0.0,0.0,0.0,0.0,0.0,0.0,0.0
Day_8,0.0,0.0,0.0,0.0,0.0,0.0,0.0,0.0
Day_8,0.0,0.0,0.0,0.0,0.0,0.0,0.0,0.0
Day_8,0.0,0.0,0.0,0.0,0.0,0.0,0.0,0.0
Day_8,0.0,0.0,0.0,0.0,0.0,0.0,0.0,0.0
Day_8,0.0,0.0,0.0,0.0,0.0,0.0,0.0,0.0
Day_8,0.0,0.0,0.0,0.0,0.0,0.0,0.0,0.0
Day_8,0.0,0.0,0.0,0.0,0.0,0.0,0.0,0.0
Day_8,0.0,0.0,0.0,0.0,0.0,0.0,0.0,0.0
Day_8,0.0,0.0,0.0,0.0,0.0,0.0,0.0,0.0
Day_8,0.0,0.0,0.0,0.0,0.0,0.0,0.0,0.0
Day_8,0.0,0.0,0.0,0.0,0.0,0.0,0.0,0.0
Day_8,0.0,0.0,0.0,0.0,0.0,0.0,0.0,0.0
Day_8,0.0,0.0,0.0,0.0,0.0,0.0,0.0,0.0
Day_8,0.0,0.0,0.0,0.0,0.0,0.0,0.0,0.0
Day_8,0.0,0.0,0.0,0.0,0.0,0.0,0.0,0.0
Day_8,0.0,0.0,0.0,0.0,0.0,0.0,0.0,0.0
Day_8,0.0,0.0,0.0,0.0,0.0,0.0,0.0,0.0
Day_8,0.0,0.0,0.0,0.0,0.0,0.0,0.0,0.0
Day_8,0.0,0.0,0.0,0.0,0.0,0.0,0.0,0.0
Day_8,0.0,0.0,0.0,0.0,0.0,0.0,0.0,0.0
Day_8,0.0,0.0,0.0,0.0,0.0,0.0,0.0,0.0
Day_8,0.0,0.0,0.0,0.0,0.0,0.0,0.0,0.0
Day_8,0.0,0.0,0.0,0.0,0.0,0.0,0.0,0.0
Day_8,0.0,0.0,0.0,0.0,0.0,0.0,0.0,0.0
Day_8,0.0,0.0,0.0,0.0,0.0,0.0,0.0,0.0
Day_8,0.0,0.0,0.0,0.0,0.0,0.0,0.0,0.0
Day_9,1.0,1.0,1.0,1.0,1.0,1.0,0.0,0.0
Day_9,1.0,1.0,1.0,1.0,1.0,0.0,0.0,0.0
Day_9,1.0,1.0,1.0,1.0,1.0,0.0,0.0,0.0
Day_9,1.0,1.0,1.0,1.0,1.0,0.0,0.0,0.0
Day_9,1.0,1.0,1.0,1.0,0.0,0.0,0.0,0.0
Day_9,1.0,1.0,1.0,1.0,0.0,0.0,0.0,0.0
Day_9,1.0,1.0,1.0,0.0,0.0,0.0,0.0,0.0
Day_9,1.0,1.0,1.0,0.0,0.0,0.0,0.0,0.0
Day_9,1.0,1.0,1.0,0.0,0.0,0.0,0.0,0.0
Day_9,1.0,1.0,1.0,0.0,0.0,0.0,0.0,0.0
Day_9,1.0,1.0,1.0,0.0,0.0,0.0,0.0,0.0
Day_9,1.0,1.0,1.0,0.0,0.0,0.0,0.0,0.0
Day_9,1.0,1.0,1.0,0.0,0.0,0.0,0.0,0.0
Day_9,1.0,1.0,1.0,0.0,0.0,0.0,0.0,0.0
Day_9,1.0,1.0,1.0,0.0,0.0,0.0,0.0,0.0
Day_9,1.0,1.0,1.0,0.0,0.0,0.0,0.0,0.0
Day_9,1.0,1.0,1.0,0.0,0.0,0.0,0.0,0.0
Day_9,1.0,1.0,1.0,0.0,0.0,0.0,0.0,0.0
Day_9,1.0,1.0,1.0,0.0,0.0,0.0,0.0,0.0
Day_9,1.0,1.0,1.0,0.0,0.0,0.0,0.0,0.0
Day_9,1.0,1.0,1.0,0.0,0.0,0.0,0.0,0.0
Day_9,1.0,1.0,1.0,0.0,0.0,0.0,0.0,0.0
Day_9,1.0,1.0,1.0,0.0,0.0,0.0,0.0,0.0
Day_9,1.0,1.0,1.0,0.0,0.0,0.0,0.0,0.0
Day_9,1.0,1.0,1.0,0.0,0.0,0.0,0.0,0.0
Day_9,1.0,1.0,1.0,0.0,0.0,0.0,0.0,0.0
Day_9,1.0,1.0,1.0,0.0,0.0,0.0,0.0,0.0
Day_9,1.0,1.0,1.0,0.0,0.0,0.0,0.0,0.0
Day_9,1.0,1.0,1.0,0.0,0.0,0.0,0.0,0.0
Day_9,1.0,1.0,1.0,0.0,0.0,0.0,0.0,0.0
Day_9,1.0,1.0,1.0,0.0,0.0,0.0,0.0,0.0
Day_9,1.0,1.0,1.0,0.0,0.0,0.0,0.0,0.0
Day_9,1.0,1.0,1.0,0.0,0.0,0.0,0.0,0.0
Day_9,1.0,1.0,1.0,0.0,0.0,0.0,0.0,0.0
Day_9,1.0,1.0,1.0,0.0,0.0,0.0,0.0,0.0
Day_9,1.0,1.0,1.0,0.0,0.0,0.0,0.0,0.0
Day_9,1.0,1.0,0.0,0.0,0.0,0.0,0.0,0.0
Day_9,1.0,1.0,0.0,0.0,0.0,0.0,0.0,0.0
Day_9,1.0,1.0,0.0,0.0,0.0,0.0,0.0,0.0
Day_9,1.0,1.0,0.0,0.0,0.0,0.0,0.0,0.0
Day_9,1.0,1.0,0.0,0.0,0.0,0.0,0.0,0.0
Day_9,1.0,1.0,0.0,0.0,0.0,0.0,0.0,0.0
Day_9,1.0,1.0,0.0,0.0,0.0,0.0,0.0,0.0
Day_9,1.0,0.0,0.0,0.0,0.0,0.0,0.0,0.0
Day_9,1.0,0.0,0.0,0.0,0.0,0.0,0.0,0.0
Day_9,1.0,0.0,0.0,0.0,0.0,0.0,0.0,0.0
Day_9,1.0,0.0,0.0,0.0,0.0,0.0,0.0,0.0
Day_9,1.0,0.0,0.0,0.0,0.0,0.0,0.0,0.0
Day_9,1.0,0.0,0.0,0.0,0.0,0.0,0.0,0.0
Day_9,1.0,0.0,0.0,0.0,0.0,0.0,0.0,0.0
Day_9,1.0,0.0,0.0,0.0,0.0,0.0,0.0,0.0
Day_9,1.0,0.0,0.0,0.0,0.0,0.0,0.0,0.0
Day_9,1.0,0.0,0.0,0.0,0.0,0.0,0.0,0.0
Day_9,1.0,0.0,0.0,0.0,0.0,0.0,0.0,0.0
Day_9,1.0,0.0,0.0,0.0,0.0,0.0,0.0,0.0
Day_9,1.0,0.0,0.0,0.0,0.0,0.0,0.0,0.0
Day_9,1.0,0.0,0.0,0.0,0.0,0.0,0.0,0.0
Day_9,1.0,0.0,0.0,0.0,0.0,0.0,0.0,0.0
Day_9,1.0,0.0,0.0,0.0,0.0,0.0,0.0,0.0
Day_9,1.0,0.0,0.0,0.0,0.0,0.0,0.0,0.0
Day_9,0.0,0.0,0.0,0.0,0.0,0.0,0.0,0.0
Day_9,0.0,0.0,0.0,0.0,0.0,0.0,0.0,0.0
Day_9,0.0,0.0,0.0,0.0,0.0,0.0,0.0,0.0
Day_9,0.0,0.0,0.0,0.0,0.0,0.0,0.0,0.0
Day_9,0.0,0.0,0.0,0.0,0.0,0.0,0.0,0.0
Day_9,0.0,0.0,0.0,0.0,0.0,0.0,0.0,0.0
Day_9,0.0,0.0,0.0,0.0,0.0,0.0,0.0,0.0
Day_9,0.0,0.0,0.0,0.0,0.0,0.0,0.0,0.0
Day_9,0.0,0.0,0.0,0.0,0.0,0.0,0.0,0.0
Day_9,0.0,0.0,0.0,0.0,0.0,0.0,0.0,0.0
Day_9,0.0,0.0,0.0,0.0,0.0,0.0,0.0,0.0
Day_9,0.0,0.0,0.0,0.0,0.0,0.0,0.0,0.0
Day_9,0.0,0.0,0.0,0.0,0.0,0.0,0.0,0.0
Day_9,0.0,0.0,0.0,0.0,0.0,0.0,0.0,0.0
Day_9,0.0,0.0,0.0,0.0,0.0,0.0,0.0,0.0
Day_9,0.0,0.0,0.0,0.0,0.0,0.0,0.0,0.0
Day_9,0.0,0.0,0.0,0.0,0.0,0.0,0.0,0.0
Day_9,0.0,0.0,0.0,0.0,0.0,0.0,0.0,0.0
Day_9,0.0,0.0,0.0,0.0,0.0,0.0,0.0,0.0
Day_9,0.0,0.0,0.0,0.0,0.0,0.0,0.0,0.0
Day_9,0.0,0.0,0.0,0.0,0.0,0.0,0.0,0.0
Day_9,0.0,0.0,0.0,0.0,0.0,0.0,0.0,0.0
Day_9,0.0,0.0,0.0,0.0,0.0,0.0,0.0,0.0
Day_9,0.0,0.0,0.0,0.0,0.0,0.0,0.0,0.0
Day_9,0.0,0.0,0.0,0.0,0.0,0.0,0.0,0.0
Day_9,0.0,0.0,0.0,0.0,0.0,0.0,0.0,0.0
Day_9,0.0,0.0,0.0,0.0,0.0,0.0,0.0,0.0
Day_9,0.0,0.0,0.0,0.0,0.0,0.0,0.0,0.0
Day_9,0.0,0.0,0.0,0.0,0.0,0.0,0.0,0.0
Day_9,0.0,0.0,0.0,0.0,0.0,0.0,0.0,0.0
Day_9,0.0,0.0,0.0,0.0,0.0,0.0,0.0,0.0
Day_9,0.0,0.0,0.0,0.0,0.0,0.0,0.0,0.0
Day_9,0.0,0.0,0.0,0.0,0.0,0.0,0.0,0.0
Day_9,0.0,0.0,0.0,0.0,0.0,0.0,0.0,0.0
Day_9,0.0,0.0,0.0,0.0,0.0,0.0,0.0,0.0
Day_9,0.0,0.0,0.0,0.0,0.0,0.0,0.0,0.0
Day_9,0.0,0.0,0.0,0.0,0.0,0.0,0.0,0.0
Day_9,0.0,0.0,0.0,0.0,0.0,0.0,0.0,0.0
Day_9,0.0,0.0,0.0,0.0,0.0,0.0,0.0,0.0
Day_9,0.0,0.0,0.0,0.0,0.0,0.0,0.0,0.0
Day_10,1.0,1.0,1.0,1.0,1.0,1.0,1.0,0.0
Day_10,1.0,1.0,1.0,1.0,1.0,1.0,1.0,0.0
Day_10,1.0,1.0,1.0,1.0,0.0,0.0,0.0,0.0
Day_10,1.0,1.0,1.0,1.0,0.0,0.0,0.0,0.0
Day_10,1.0,1.0,1.0,0.0,0.0,0.0,0.0,0.0
Day_10,1.0,1.0,1.0,0.0,0.0,0.0,0.0,0.0
Day_10,1.0,1.0,1.0,0.0,0.0,0.0,0.0,0.0
Day_10,1.0,1.0,1.0,0.0,0.0,0.0,0.0,0.0
Day_10,1.0,1.0,1.0,0.0,0.0,0.0,0.0,0.0
Day_10,1.0,1.0,1.0,0.0,0.0,0.0,0.0,0.0
Day_10,1.0,1.0,1.0,0.0,0.0,0.0,0.0,0.0
Day_10,1.0,1.0,1.0,0.0,0.0,0.0,0.0,0.0
Day_10,1.0,1.0,1.0,0.0,0.0,0.0,0.0,0.0
Day_10,1.0,1.0,1.0,0.0,0.0,0.0,0.0,0.0
Day_10,1.0,1.0,1.0,0.0,0.0,0.0,0.0,0.0
Day_10,1.0,1.0,1.0,0.0,0.0,0.0,0.0,0.0
Day_10,1.0,1.0,1.0,0.0,0.0,0.0,0.0,0.0
Day_10,1.0,1.0,1.0,0.0,0.0,0.0,0.0,0.0
Day_10,1.0,1.0,1.0,0.0,0.0,0.0,0.0,0.0
Day_10,1.0,1.0,1.0,0.0,0.0,0.0,0.0,0.0
Day_10,1.0,1.0,1.0,0.0,0.0,0.0,0.0,0.0
Day_10,1.0,1.0,1.0,0.0,0.0,0.0,0.0,0.0
Day_10,1.0,1.0,1.0,0.0,0.0,0.0,0.0,0.0
Day_10,1.0,1.0,1.0,0.0,0.0,0.0,0.0,0.0
Day_10,1.0,1.0,1.0,0.0,0.0,0.0,0.0,0.0
Day_10,1.0,1.0,1.0,0.0,0.0,0.0,0.0,0.0
Day_10,1.0,1.0,1.0,0.0,0.0,0.0,0.0,0.0
Day_10,1.0,1.0,1.0,0.0,0.0,0.0,0.0,0.0
Day_10,1.0,1.0,0.0,0.0,0.0,0.0,0.0,0.0
Day_10,1.0,1.0,0.0,0.0,0.0,0.0,0.0,0.0
Day_10,1.0,1.0,0.0,0.0,0.0,0.0,0.0,0.0
Day_10,1.0,1.0,0.0,0.0,0.0,0.0,0.0,0.0
Day_10,1.0,1.0,0.0,0.0,0.0,0.0,0.0,0.0
Day_10,1.0,1.0,0.0,0.0,0.0,0.0,0.0,0.0
Day_10,1.0,1.0,0.0,0.0,0.0,0.0,0.0,0.0
Day_10,1.0,0.0,0.0,0.0,0.0,0.0,0.0,0.0
Day_10,1.0,0.0,0.0,0.0,0.0,0.0,0.0,0.0
Day_10,1.0,0.0,0.0,0.0,0.0,0.0,0.0,0.0
Day_10,1.0,0.0,0.0,0.0,0.0,0.0,0.0,0.0
Day_10,1.0,0.0,0.0,0.0,0.0,0.0,0.0,0.0
Day_10,1.0,0.0,0.0,0.0,0.0,0.0,0.0,0.0
Day_10,1.0,0.0,0.0,0.0,0.0,0.0,0.0,0.0
Day_10,1.0,0.0,0.0,0.0,0.0,0.0,0.0,0.0
Day_10,1.0,0.0,0.0,0.0,0.0,0.0,0.0,0.0
Day_10,1.0,0.0,0.0,0.0,0.0,0.0,0.0,0.0
Day_10,1.0,0.0,0.0,0.0,0.0,0.0,0.0,0.0
Day_10,1.0,0.0,0.0,0.0,0.0,0.0,0.0,0.0
Day_10,1.0,0.0,0.0,0.0,0.0,0.0,0.0,0.0
Day_10,0.0,0.0,0.0,0.0,0.0,0.0,0.0,0.0
Day_10,0.0,0.0,0.0,0.0,0.0,0.0,0.0,0.0
Day_10,0.0,0.0,0.0,0.0,0.0,0.0,0.0,0.0
Day_10,0.0,0.0,0.0,0.0,0.0,0.0,0.0,0.0
Day_10,0.0,0.0,0.0,0.0,0.0,0.0,0.0,0.0
Day_10,0.0,0.0,0.0,0.0,0.0,0.0,0.0,0.0
Day_10,0.0,0.0,0.0,0.0,0.0,0.0,0.0,0.0
Day_10,0.0,0.0,0.0,0.0,0.0,0.0,0.0,0.0
Day_10,0.0,0.0,0.0,0.0,0.0,0.0,0.0,0.0
Day_10,0.0,0.0,0.0,0.0,0.0,0.0,0.0,0.0
Day_10,0.0,0.0,0.0,0.0,0.0,0.0,0.0,0.0
Day_10,0.0,0.0,0.0,0.0,0.0,0.0,0.0,0.0
Day_10,0.0,0.0,0.0,0.0,0.0,0.0,0.0,0.0
Day_10,0.0,0.0,0.0,0.0,0.0,0.0,0.0,0.0
Day_10,0.0,0.0,0.0,0.0,0.0,0.0,0.0,0.0
Day_10,0.0,0.0,0.0,0.0,0.0,0.0,0.0,0.0
Day_10,0.0,0.0,0.0,0.0,0.0,0.0,0.0,0.0
Day_10,0.0,0.0,0.0,0.0,0.0,0.0,0.0,0.0
Day_10,0.0,0.0,0.0,0.0,0.0,0.0,0.0,0.0
Day_10,0.0,0.0,0.0,0.0,0.0,0.0,0.0,0.0
Day_10,0.0,0.0,0.0,0.0,0.0,0.0,0.0,0.0
Day_10,0.0,0.0,0.0,0.0,0.0,0.0,0.0,0.0
Day_10,0.0,0.0,0.0,0.0,0.0,0.0,0.0,0.0
Day_10,0.0,0.0,0.0,0.0,0.0,0.0,0.0,0.0
Day_10,0.0,0.0,0.0,0.0,0.0,0.0,0.0,0.0
Day_10,0.0,0.0,0.0,0.0,0.0,0.0,0.0,0.0
Day_10,0.0,0.0,0.0,0.0,0.0,0.0,0.0,0.0
Day_10,0.0,0.0,0.0,0.0,0.0,0.0,0.0,0.0
Day_10,0.0,0.0,0.0,0.0,0.0,0.0,0.0,0.0
Day_10,0.0,0.0,0.0,0.0,0.0,0.0,0.0,0.0
Day_10,0.0,0.0,0.0,0.0,0.0,0.0,0.0,0.0
Day_10,0.0,0.0,0.0,0.0,0.0,0.0,0.0,0.0
Day_10,0.0,0.0,0.0,0.0,0.0,0.0,0.0,0.0
Day_10,0.0,0.0,0.0,0.0,0.0,0.0,0.0,0.0
Day_10,0.0,0.0,0.0,0.0,0.0,0.0,0.0,0.0
Day_10,0.0,0.0,0.0,0.0,0.0,0.0,0.0,0.0
Day_11,1.0,1.0,1.0,1.0,1.0,1.0,1.0,0.0
Day_11,1.0,1.0,1.0,1.0,1.0,0.0,0.0,0.0
Day_11,1.0,1.0,1.0,1.0,1.0,0.0,0.0,0.0
Day_11,1.0,1.0,1.0,1.0,0.0,0.0,0.0,0.0
Day_11,1.0,1.0,1.0,1.0,0.0,0.0,0.0,0.0
Day_11,1.0,1.0,1.0,1.0,0.0,0.0,0.0,0.0
Day_11,1.0,1.0,1.0,1.0,0.0,0.0,0.0,0.0
Day_11,1.0,1.0,1.0,1.0,0.0,0.0,0.0,0.0
Day_11,1.0,1.0,1.0,0.0,0.0,0.0,0.0,0.0
Day_11,1.0,1.0,1.0,0.0,0.0,0.0,0.0,0.0
Day_11,1.0,1.0,1.0,0.0,0.0,0.0,0.0,0.0
Day_11,1.0,1.0,1.0,0.0,0.0,0.0,0.0,0.0
Day_11,1.0,1.0,1.0,0.0,0.0,0.0,0.0,0.0
Day_11,1.0,1.0,1.0,0.0,0.0,0.0,0.0,0.0
Day_11,1.0,1.0,1.0,0.0,0.0,0.0,0.0,0.0
Day_11,1.0,1.0,1.0,0.0,0.0,0.0,0.0,0.0
Day_11,1.0,1.0,1.0,0.0,0.0,0.0,0.0,0.0
Day_11,1.0,1.0,1.0,0.0,0.0,0.0,0.0,0.0
Day_11,1.0,1.0,1.0,0.0,0.0,0.0,0.0,0.0
Day_11,1.0,1.0,1.0,0.0,0.0,0.0,0.0,0.0
Day_11,1.0,1.0,1.0,0.0,0.0,0.0,0.0,0.0
Day_11,1.0,1.0,1.0,0.0,0.0,0.0,0.0,0.0
Day_11,1.0,1.0,1.0,0.0,0.0,0.0,0.0,0.0
Day_11,1.0,1.0,1.0,0.0,0.0,0.0,0.0,0.0
Day_11,1.0,1.0,1.0,0.0,0.0,0.0,0.0,0.0
Day_11,1.0,1.0,1.0,0.0,0.0,0.0,0.0,0.0
Day_11,1.0,1.0,1.0,0.0,0.0,0.0,0.0,0.0
Day_11,1.0,1.0,1.0,0.0,0.0,0.0,0.0,0.0
Day_11,1.0,1.0,1.0,0.0,0.0,0.0,0.0,0.0
Day_11,1.0,1.0,1.0,0.0,0.0,0.0,0.0,0.0
Day_11,1.0,1.0,1.0,0.0,0.0,0.0,0.0,0.0
Day_11,1.0,1.0,1.0,0.0,0.0,0.0,0.0,0.0
Day_11,1.0,1.0,1.0,0.0,0.0,0.0,0.0,0.0
Day_11,1.0,1.0,1.0,0.0,0.0,0.0,0.0,0.0
Day_11,1.0,1.0,1.0,0.0,0.0,0.0,0.0,0.0
Day_11,1.0,1.0,1.0,0.0,0.0,0.0,0.0,0.0
Day_11,1.0,1.0,1.0,0.0,0.0,0.0,0.0,0.0
Day_11,1.0,1.0,1.0,0.0,0.0,0.0,0.0,0.0
Day_11,1.0,1.0,1.0,0.0,0.0,0.0,0.0,0.0
Day_11,1.0,1.0,1.0,0.0,0.0,0.0,0.0,0.0
Day_11,1.0,1.0,1.0,0.0,0.0,0.0,0.0,0.0
Day_11,1.0,1.0,1.0,0.0,0.0,0.0,0.0,0.0
Day_11,1.0,1.0,1.0,0.0,0.0,0.0,0.0,0.0
Day_11,1.0,1.0,1.0,0.0,0.0,0.0,0.0,0.0
Day_11,1.0,1.0,1.0,0.0,0.0,0.0,0.0,0.0
Day_11,1.0,1.0,1.0,0.0,0.0,0.0,0.0,0.0
Day_11,1.0,1.0,1.0,0.0,0.0,0.0,0.0,0.0
Day_11,1.0,1.0,1.0,0.0,0.0,0.0,0.0,0.0
Day_11,1.0,1.0,1.0,0.0,0.0,0.0,0.0,0.0
Day_11,1.0,1.0,1.0,0.0,0.0,0.0,0.0,0.0
Day_11,1.0,1.0,1.0,0.0,0.0,0.0,0.0,0.0
Day_11,1.0,1.0,1.0,0.0,0.0,0.0,0.0,0.0
Day_11,1.0,1.0,1.0,0.0,0.0,0.0,0.0,0.0
Day_11,1.0,1.0,1.0,0.0,0.0,0.0,0.0,0.0
Day_11,1.0,1.0,1.0,0.0,0.0,0.0,0.0,0.0
Day_11,1.0,1.0,1.0,0.0,0.0,0.0,0.0,0.0
Day_11,1.0,1.0,1.0,0.0,0.0,0.0,0.0,0.0
Day_11,1.0,1.0,1.0,0.0,0.0,0.0,0.0,0.0
Day_11,1.0,1.0,1.0,0.0,0.0,0.0,0.0,0.0
Day_11,1.0,1.0,1.0,0.0,0.0,0.0,0.0,0.0
Day_11,1.0,1.0,1.0,0.0,0.0,0.0,0.0,0.0
Day_11,1.0,1.0,1.0,0.0,0.0,0.0,0.0,0.0
Day_11,1.0,1.0,1.0,0.0,0.0,0.0,0.0,0.0
Day_11,1.0,1.0,0.0,0.0,0.0,0.0,0.0,0.0
Day_11,1.0,1.0,0.0,0.0,0.0,0.0,0.0,0.0
Day_11,1.0,1.0,0.0,0.0,0.0,0.0,0.0,0.0
Day_11,1.0,1.0,0.0,0.0,0.0,0.0,0.0,0.0
Day_11,1.0,1.0,0.0,0.0,0.0,0.0,0.0,0.0
Day_11,1.0,1.0,0.0,0.0,0.0,0.0,0.0,0.0
Day_11,1.0,1.0,0.0,0.0,0.0,0.0,0.0,0.0
Day_11,1.0,1.0,0.0,0.0,0.0,0.0,0.0,0.0
Day_11,1.0,1.0,0.0,0.0,0.0,0.0,0.0,0.0
Day_11,1.0,1.0,0.0,0.0,0.0,0.0,0.0,0.0
Day_11,1.0,1.0,0.0,0.0,0.0,0.0,0.0,0.0
Day_11,1.0,1.0,0.0,0.0,0.0,0.0,0.0,0.0
Day_11,1.0,1.0,0.0,0.0,0.0,0.0,0.0,0.0
Day_11,1.0,1.0,0.0,0.0,0.0,0.0,0.0,0.0
Day_11,1.0,1.0,0.0,0.0,0.0,0.0,0.0,0.0
Day_11,1.0,0.0,0.0,0.0,0.0,0.0,0.0,0.0
Day_11,1.0,0.0,0.0,0.0,0.0,0.0,0.0,0.0
Day_11,1.0,0.0,0.0,0.0,0.0,0.0,0.0,0.0
Day_11,1.0,0.0,0.0,0.0,0.0,0.0,0.0,0.0
Day_11,1.0,0.0,0.0,0.0,0.0,0.0,0.0,0.0
Day_11,1.0,0.0,0.0,0.0,0.0,0.0,0.0,0.0
Day_11,1.0,0.0,0.0,0.0,0.0,0.0,0.0,0.0
Day_11,1.0,0.0,0.0,0.0,0.0,0.0,0.0,0.0
Day_11,1.0,0.0,0.0,0.0,0.0,0.0,0.0,0.0
Day_11,1.0,0.0,0.0,0.0,0.0,0.0,0.0,0.0
Day_11,1.0,0.0,0.0,0.0,0.0,0.0,0.0,0.0
Day_11,1.0,0.0,0.0,0.0,0.0,0.0,0.0,0.0
Day_11,1.0,0.0,0.0,0.0,0.0,0.0,0.0,0.0
Day_11,1.0,0.0,0.0,0.0,0.0,0.0,0.0,0.0
Day_11,1.0,0.0,0.0,0.0,0.0,0.0,0.0,0.0
Day_11,1.0,0.0,0.0,0.0,0.0,0.0,0.0,0.0
Day_11,1.0,0.0,0.0,0.0,0.0,0.0,0.0,0.0
Day_11,1.0,0.0,0.0,0.0,0.0,0.0,0.0,0.0
Day_11,0.0,0.0,0.0,0.0,0.0,0.0,0.0,0.0
Day_11,0.0,0.0,0.0,0.0,0.0,0.0,0.0,0.0
Day_11,0.0,0.0,0.0,0.0,0.0,0.0,0.0,0.0
Day_11,0.0,0.0,0.0,0.0,0.0,0.0,0.0,0.0
Day_11,0.0,0.0,0.0,0.0,0.0,0.0,0.0,0.0
Day_11,0.0,0.0,0.0,0.0,0.0,0.0,0.0,0.0
Day_11,0.0,0.0,0.0,0.0,0.0,0.0,0.0,0.0
Day_11,0.0,0.0,0.0,0.0,0.0,0.0,0.0,0.0
Day_11,0.0,0.0,0.0,0.0,0.0,0.0,0.0,0.0
Day_11,0.0,0.0,0.0,0.0,0.0,0.0,0.0,0.0
Day_11,0.0,0.0,0.0,0.0,0.0,0.0,0.0,0.0
Day_11,0.0,0.0,0.0,0.0,0.0,0.0,0.0,0.0
Day_11,0.0,0.0,0.0,0.0,0.0,0.0,0.0,0.0
Day_11,0.0,0.0,0.0,0.0,0.0,0.0,0.0,0.0
Day_11,0.0,0.0,0.0,0.0,0.0,0.0,0.0,0.0
Day_11,0.0,0.0,0.0,0.0,0.0,0.0,0.0,0.0
Day_11,0.0,0.0,0.0,0.0,0.0,0.0,0.0,0.0
Day_11,0.0,0.0,0.0,0.0,0.0,0.0,0.0,0.0
Day_11,0.0,0.0,0.0,0.0,0.0,0.0,0.0,0.0
Day_11,0.0,0.0,0.0,0.0,0.0,0.0,0.0,0.0
Day_11,0.0,0.0,0.0,0.0,0.0,0.0,0.0,0.0
Day_11,0.0,0.0,0.0,0.0,0.0,0.0,0.0,0.0
Day_11,0.0,0.0,0.0,0.0,0.0,0.0,0.0,0.0
Day_11,0.0,0.0,0.0,0.0,0.0,0.0,0.0,0.0
Day_11,0.0,0.0,0.0,0.0,0.0,0.0,0.0,0.0
Day_11,0.0,0.0,0.0,0.0,0.0,0.0,0.0,0.0
Day_11,0.0,0.0,0.0,0.0,0.0,0.0,0.0,0.0
Day_11,0.0,0.0,0.0,0.0,0.0,0.0,0.0,0.0
Day_11,0.0,0.0,0.0,0.0,0.0,0.0,0.0,0.0
Day_11,0.0,0.0,0.0,0.0,0.0,0.0,0.0,0.0
Day_11,0.0,0.0,0.0,0.0,0.0,0.0,0.0,0.0
Day_11,0.0,0.0,0.0,0.0,0.0,0.0,0.0,0.0
Day_11,0.0,0.0,0.0,0.0,0.0,0.0,0.0,0.0
Day_11,0.0,0.0,0.0,0.0,0.0,0.0,0.0,0.0
Day_11,0.0,0.0,0.0,0.0,0.0,0.0,0.0,0.0
Day_11,0.0,0.0,0.0,0.0,0.0,0.0,0.0,0.0
Day_11,0.0,0.0,0.0,0.0,0.0,0.0,0.0,0.0
Day_11,0.0,0.0,0.0,0.0,0.0,0.0,0.0,0.0
Day_11,0.0,0.0,0.0,0.0,0.0,0.0,0.0,0.0
Day_11,0.0,0.0,0.0,0.0,0.0,0.0,0.0,0.0
Day_11,0.0,0.0,0.0,0.0,0.0,0.0,0.0,0.0
Day_11,0.0,0.0,0.0,0.0,0.0,0.0,0.0,0.0
Day_11,0.0,0.0,0.0,0.0,0.0,0.0,0.0,0.0
Day_11,0.0,0.0,0.0,0.0,0.0,0.0,0.0,0.0
Day_11,0.0,0.0,0.0,0.0,0.0,0.0,0.0,0.0
Day_11,0.0,0.0,0.0,0.0,0.0,0.0,0.0,0.0
Day_11,0.0,0.0,0.0,0.0,0.0,0.0,0.0,0.0
Day_11,0.0,0.0,0.0,0.0,0.0,0.0,0.0,0.0
Day_11,0.0,0.0,0.0,0.0,0.0,0.0,0.0,0.0
Day_11,0.0,0.0,0.0,0.0,0.0,0.0,0.0,0.0
Day_11,0.0,0.0,0.0,0.0,0.0,0.0,0.0,0.0
Day_11,0.0,0.0,0.0,0.0,0.0,0.0,0.0,0.0
Day_11,0.0,0.0,0.0,0.0,0.0,0.0,0.0,0.0
Day_11,0.0,0.0,0.0,0.0,0.0,0.0,0.0,0.0
Day_11,0.0,0.0,0.0,0.0,0.0,0.0,0.0,0.0
Day_11,0.0,0.0,0.0,0.0,0.0,0.0,0.0,0.0
Day_11,0.0,0.0,0.0,0.0,0.0,0.0,0.0,0.0
Day_12,1.0,1.0,1.0,1.0,1.0,1.0,1.0,0.0
Day_12,1.0,1.0,1.0,1.0,0.0,0.0,0.0,0.0
Day_12,1.0,1.0,1.0,1.0,0.0,0.0,0.0,0.0
Day_12,1.0,1.0,1.0,1.0,0.0,0.0,0.0,0.0
Day_12,1.0,1.0,1.0,0.0,0.0,0.0,0.0,0.0
Day_12,1.0,1.0,1.0,0.0,0.0,0.0,0.0,0.0
Day_12,1.0,1.0,1.0,0.0,0.0,0.0,0.0,0.0
Day_12,1.0,1.0,1.0,0.0,0.0,0.0,0.0,0.0
Day_12,1.0,1.0,1.0,0.0,0.0,0.0,0.0,0.0
Day_12,1.0,1.0,1.0,0.0,0.0,0.0,0.0,0.0
Day_12,1.0,1.0,1.0,0.0,0.0,0.0,0.0,0.0
Day_12,1.0,1.0,1.0,0.0,0.0,0.0,0.0,0.0
Day_12,1.0,1.0,1.0,0.0,0.0,0.0,0.0,0.0
Day_12,1.0,1.0,1.0,0.0,0.0,0.0,0.0,0.0
Day_12,1.0,1.0,1.0,0.0,0.0,0.0,0.0,0.0
Day_12,1.0,1.0,1.0,0.0,0.0,0.0,0.0,0.0
Day_12,1.0,1.0,1.0,0.0,0.0,0.0,0.0,0.0
Day_12,1.0,1.0,1.0,0.0,0.0,0.0,0.0,0.0
Day_12,1.0,1.0,1.0,0.0,0.0,0.0,0.0,0.0
Day_12,1.0,1.0,1.0,0.0,0.0,0.0,0.0,0.0
Day_12,1.0,1.0,1.0,0.0,0.0,0.0,0.0,0.0
Day_12,1.0,1.0,1.0,0.0,0.0,0.0,0.0,0.0
Day_12,1.0,1.0,1.0,0.0,0.0,0.0,0.0,0.0
Day_12,1.0,1.0,1.0,0.0,0.0,0.0,0.0,0.0
Day_12,1.0,1.0,1.0,0.0,0.0,0.0,0.0,0.0
Day_12,1.0,1.0,1.0,0.0,0.0,0.0,0.0,0.0
Day_12,1.0,1.0,1.0,0.0,0.0,0.0,0.0,0.0
Day_12,1.0,1.0,1.0,0.0,0.0,0.0,0.0,0.0
Day_12,1.0,1.0,1.0,0.0,0.0,0.0,0.0,0.0
Day_12,1.0,1.0,1.0,0.0,0.0,0.0,0.0,0.0
Day_12,1.0,1.0,1.0,0.0,0.0,0.0,0.0,0.0
Day_12,1.0,1.0,1.0,0.0,0.0,0.0,0.0,0.0
Day_12,1.0,1.0,1.0,0.0,0.0,0.0,0.0,0.0
Day_12,1.0,1.0,1.0,0.0,0.0,0.0,0.0,0.0
Day_12,1.0,1.0,1.0,0.0,0.0,0.0,0.0,0.0
Day_12,1.0,1.0,1.0,0.0,0.0,0.0,0.0,0.0
Day_12,1.0,1.0,1.0,0.0,0.0,0.0,0.0,0.0
Day_12,1.0,1.0,1.0,0.0,0.0,0.0,0.0,0.0
Day_12,1.0,1.0,1.0,0.0,0.0,0.0,0.0,0.0
Day_12,1.0,1.0,0.0,0.0,0.0,0.0,0.0,0.0
Day_12,1.0,1.0,0.0,0.0,0.0,0.0,0.0,0.0
Day_12,1.0,1.0,0.0,0.0,0.0,0.0,0.0,0.0
Day_12,1.0,1.0,0.0,0.0,0.0,0.0,0.0,0.0
Day_12,1.0,1.0,0.0,0.0,0.0,0.0,0.0,0.0
Day_12,1.0,1.0,0.0,0.0,0.0,0.0,0.0,0.0
Day_12,1.0,1.0,0.0,0.0,0.0,0.0,0.0,0.0
Day_12,1.0,0.0,0.0,0.0,0.0,0.0,0.0,0.0
Day_12,1.0,0.0,0.0,0.0,0.0,0.0,0.0,0.0
Day_12,1.0,0.0,0.0,0.0,0.0,0.0,0.0,0.0
Day_12,1.0,0.0,0.0,0.0,0.0,0.0,0.0,0.0
Day_12,1.0,0.0,0.0,0.0,0.0,0.0,0.0,0.0
Day_12,1.0,0.0,0.0,0.0,0.0,0.0,0.0,0.0
Day_12,1.0,0.0,0.0,0.0,0.0,0.0,0.0,0.0
Day_12,1.0,0.0,0.0,0.0,0.0,0.0,0.0,0.0
Day_12,1.0,0.0,0.0,0.0,0.0,0.0,0.0,0.0
Day_12,1.0,0.0,0.0,0.0,0.0,0.0,0.0,0.0
Day_12,0.0,0.0,0.0,0.0,0.0,0.0,0.0,0.0
Day_12,0.0,0.0,0.0,0.0,0.0,0.0,0.0,0.0
Day_12,0.0,0.0,0.0,0.0,0.0,0.0,0.0,0.0
Day_12,0.0,0.0,0.0,0.0,0.0,0.0,0.0,0.0
Day_12,0.0,0.0,0.0,0.0,0.0,0.0,0.0,0.0
Day_12,0.0,0.0,0.0,0.0,0.0,0.0,0.0,0.0
Day_12,0.0,0.0,0.0,0.0,0.0,0.0,0.0,0.0
Day_12,0.0,0.0,0.0,0.0,0.0,0.0,0.0,0.0
Day_12,0.0,0.0,0.0,0.0,0.0,0.0,0.0,0.0
Day_12,0.0,0.0,0.0,0.0,0.0,0.0,0.0,0.0
Day_12,0.0,0.0,0.0,0.0,0.0,0.0,0.0,0.0
Day_12,0.0,0.0,0.0,0.0,0.0,0.0,0.0,0.0
Day_12,0.0,0.0,0.0,0.0,0.0,0.0,0.0,0.0
Day_12,0.0,0.0,0.0,0.0,0.0,0.0,0.0,0.0
Day_12,0.0,0.0,0.0,0.0,0.0,0.0,0.0,0.0
Day_12,0.0,0.0,0.0,0.0,0.0,0.0,0.0,0.0
Day_12,0.0,0.0,0.0,0.0,0.0,0.0,0.0,0.0
Day_12,0.0,0.0,0.0,0.0,0.0,0.0,0.0,0.0
Day_12,0.0,0.0,0.0,0.0,0.0,0.0,0.0,0.0
Day_12,0.0,0.0,0.0,0.0,0.0,0.0,0.0,0.0
Day_12,0.0,0.0,0.0,0.0,0.0,0.0,0.0,0.0
Day_12,0.0,0.0,0.0,0.0,0.0,0.0,0.0,0.0
Day_12,0.0,0.0,0.0,0.0,0.0,0.0,0.0,0.0
Day_12,0.0,0.0,0.0,0.0,0.0,0.0,0.0,0.0
Day_12,0.0,0.0,0.0,0.0,0.0,0.0,0.0,0.0
Day_12,0.0,0.0,0.0,0.0,0.0,0.0,0.0,0.0
Day_12,0.0,0.0,0.0,0.0,0.0,0.0,0.0,0.0
Day_12,0.0,0.0,0.0,0.0,0.0,0.0,0.0,0.0
Day_12,0.0,0.0,0.0,0.0,0.0,0.0,0.0,0.0
Day_12,0.0,0.0,0.0,0.0,0.0,0.0,0.0,0.0
Day_12,0.0,0.0,0.0,0.0,0.0,0.0,0.0,0.0
Day_12,0.0,0.0,0.0,0.0,0.0,0.0,0.0,0.0
Day_12,0.0,0.0,0.0,0.0,0.0,0.0,0.0,0.0
Day_12,0.0,0.0,0.0,0.0,0.0,0.0,0.0,0.0
Day_12,0.0,0.0,0.0,0.0,0.0,0.0,0.0,0.0
Day_12,0.0,0.0,0.0,0.0,0.0,0.0,0.0,0.0
Day_13,1.0,1.0,1.0,1.0,1.0,1.0,1.0,0.0
Day_13,1.0,1.0,1.0,1.0,1.0,0.0,0.0,0.0
Day_13,1.0,1.0,1.0,1.0,0.0,0.0,0.0,0.0
Day_13,1.0,1.0,1.0,1.0,0.0,0.0,0.0,0.0
Day_13,1.0,1.0,1.0,1.0,0.0,0.0,0.0,0.0
Day_13,1.0,1.0,1.0,0.0,0.0,0.0,0.0,0.0
Day_13,1.0,1.0,1.0,0.0,0.0,0.0,0.0,0.0
Day_13,1.0,1.0,1.0,0.0,0.0,0.0,0.0,0.0
Day_13,1.0,1.0,1.0,0.0,0.0,0.0,0.0,0.0
Day_13,1.0,1.0,1.0,0.0,0.0,0.0,0.0,0.0
Day_13,1.0,1.0,1.0,0.0,0.0,0.0,0.0,0.0
Day_13,1.0,1.0,1.0,0.0,0.0,0.0,0.0,0.0
Day_13,1.0,1.0,1.0,0.0,0.0,0.0,0.0,0.0
Day_13,1.0,1.0,1.0,0.0,0.0,0.0,0.0,0.0
Day_13,1.0,1.0,1.0,0.0,0.0,0.0,0.0,0.0
Day_13,1.0,1.0,1.0,0.0,0.0,0.0,0.0,0.0
Day_13,1.0,1.0,1.0,0.0,0.0,0.0,0.0,0.0
Day_13,1.0,1.0,1.0,0.0,0.0,0.0,0.0,0.0
Day_13,1.0,1.0,1.0,0.0,0.0,0.0,0.0,0.0
Day_13,1.0,1.0,1.0,0.0,0.0,0.0,0.0,0.0
Day_13,1.0,1.0,0.0,0.0,0.0,0.0,0.0,0.0
Day_13,1.0,1.0,0.0,0.0,0.0,0.0,0.0,0.0
Day_13,1.0,1.0,0.0,0.0,0.0,0.0,0.0,0.0
Day_13,1.0,1.0,0.0,0.0,0.0,0.0,0.0,0.0
Day_13,1.0,0.0,0.0,0.0,0.0,0.0,0.0,0.0
Day_13,1.0,0.0,0.0,0.0,0.0,0.0,0.0,0.0
Day_13,1.0,0.0,0.0,0.0,0.0,0.0,0.0,0.0
Day_13,1.0,0.0,0.0,0.0,0.0,0.0,0.0,0.0
Day_13,1.0,0.0,0.0,0.0,0.0,0.0,0.0,0.0
Day_13,1.0,0.0,0.0,0.0,0.0,0.0,0.0,0.0
Day_13,1.0,0.0,0.0,0.0,0.0,0.0,0.0,0.0
Day_13,0.0,0.0,0.0,0.0,0.0,0.0,0.0,0.0
Day_13,0.0,0.0,0.0,0.0,0.0,0.0,0.0,0.0
Day_13,0.0,0.0,0.0,0.0,0.0,0.0,0.0,0.0
Day_13,0.0,0.0,0.0,0.0,0.0,0.0,0.0,0.0
Day_13,0.0,0.0,0.0,0.0,0.0,0.0,0.0,0.0
Day_13,0.0,0.0,0.0,0.0,0.0,0.0,0.0,0.0
Day_13,0.0,0.0,0.0,0.0,0.0,0.0,0.0,0.0
Day_13,0.0,0.0,0.0,0.0,0.0,0.0,0.0,0.0
Day_13,0.0,0.0,0.0,0.0,0.0,0.0,0.0,0.0
Day_13,0.0,0.0,0.0,0.0,0.0,0.0,0.0,0.0
Day_13,0.0,0.0,0.0,0.0,0.0,0.0,0.0,0.0
Day_13,0.0,0.0,0.0,0.0,0.0,0.0,0.0,0.0
Day_13,0.0,0.0,0.0,0.0,0.0,0.0,0.0,0.0
Day_13,0.0,0.0,0.0,0.0,0.0,0.0,0.0,0.0
Day_13,0.0,0.0,0.0,0.0,0.0,0.0,0.0,0.0
Day_13,0.0,0.0,0.0,0.0,0.0,0.0,0.0,0.0
Day_13,0.0,0.0,0.0,0.0,0.0,0.0,0.0,0.0
Day_13,0.0,0.0,0.0,0.0,0.0,0.0,0.0,0.0
Day_13,0.0,0.0,0.0,0.0,0.0,0.0,0.0,0.0
Day_13,0.0,0.0,0.0,0.0,0.0,0.0,0.0,0.0
Day_14,1.0,1.0,1.0,1.0,1.0,1.0,1.0,1.0
Day_14,1.0,1.0,1.0,1.0,1.0,1.0,1.0,0.0
Day_14,1.0,1.0,1.0,1.0,1.0,1.0,0.0,0.0
Day_14,1.0,1.0,1.0,1.0,1.0,0.0,0.0,0.0
Day_14,1.0,1.0,1.0,1.0,0.0,0.0,0.0,0.0
Day_14,1.0,1.0,1.0,0.0,0.0,0.0,0.0,0.0
Day_14,1.0,1.0,1.0,0.0,0.0,0.0,0.0,0.0
Day_14,1.0,1.0,1.0,0.0,0.0,0.0,0.0,0.0
Day_14,1.0,1.0,1.0,0.0,0.0,0.0,0.0,0.0
Day_14,1.0,1.0,1.0,0.0,0.0,0.0,0.0,0.0
Day_14,1.0,1.0,1.0,0.0,0.0,0.0,0.0,0.0
Day_14,1.0,1.0,1.0,0.0,0.0,0.0,0.0,0.0
Day_14,1.0,1.0,1.0,0.0,0.0,0.0,0.0,0.0
Day_14,1.0,1.0,1.0,0.0,0.0,0.0,0.0,0.0
Day_14,1.0,1.0,1.0,0.0,0.0,0.0,0.0,0.0
Day_14,1.0,1.0,1.0,0.0,0.0,0.0,0.0,0.0
Day_14,1.0,1.0,1.0,0.0,0.0,0.0,0.0,0.0
Day_14,1.0,1.0,1.0,0.0,0.0,0.0,0.0,0.0
Day_14,1.0,1.0,1.0,0.0,0.0,0.0,0.0,0.0
Day_14,1.0,1.0,1.0,0.0,0.0,0.0,0.0,0.0
Day_14,1.0,1.0,1.0,0.0,0.0,0.0,0.0,0.0
Day_14,1.0,1.0,1.0,0.0,0.0,0.0,0.0,0.0
Day_14,1.0,1.0,1.0,0.0,0.0,0.0,0.0,0.0
Day_14,1.0,1.0,1.0,0.0,0.0,0.0,0.0,0.0
Day_14,1.0,1.0,1.0,0.0,0.0,0.0,0.0,0.0
Day_14,1.0,1.0,1.0,0.0,0.0,0.0,0.0,0.0
Day_14,1.0,1.0,1.0,0.0,0.0,0.0,0.0,0.0
Day_14,1.0,1.0,1.0,0.0,0.0,0.0,0.0,0.0
Day_14,1.0,1.0,1.0,0.0,0.0,0.0,0.0,0.0
Day_14,1.0,1.0,1.0,0.0,0.0,0.0,0.0,0.0
Day_14,1.0,1.0,1.0,0.0,0.0,0.0,0.0,0.0
Day_14,1.0,1.0,1.0,0.0,0.0,0.0,0.0,0.0
Day_14,1.0,1.0,1.0,0.0,0.0,0.0,0.0,0.0
Day_14,1.0,1.0,1.0,0.0,0.0,0.0,0.0,0.0
Day_14,1.0,1.0,1.0,0.0,0.0,0.0,0.0,0.0
Day_14,1.0,1.0,0.0,0.0,0.0,0.0,0.0,0.0
Day_14,1.0,1.0,0.0,0.0,0.0,0.0,0.0,0.0
Day_14,1.0,1.0,0.0,0.0,0.0,0.0,0.0,0.0
Day_14,1.0,1.0,0.0,0.0,0.0,0.0,0.0,0.0
Day_14,1.0,1.0,0.0,0.0,0.0,0.0,0.0,0.0
Day_14,1.0,1.0,0.0,0.0,0.0,0.0,0.0,0.0
Day_14,1.0,1.0,0.0,0.0,0.0,0.0,0.0,0.0
Day_14,1.0,1.0,0.0,0.0,0.0,0.0,0.0,0.0
Day_14,1.0,1.0,0.0,0.0,0.0,0.0,0.0,0.0
Day_14,1.0,0.0,0.0,0.0,0.0,0.0,0.0,0.0
Day_14,1.0,0.0,0.0,0.0,0.0,0.0,0.0,0.0
Day_14,1.0,0.0,0.0,0.0,0.0,0.0,0.0,0.0
Day_14,1.0,0.0,0.0,0.0,0.0,0.0,0.0,0.0
Day_14,1.0,0.0,0.0,0.0,0.0,0.0,0.0,0.0
Day_14,1.0,0.0,0.0,0.0,0.0,0.0,0.0,0.0
Day_14,1.0,0.0,0.0,0.0,0.0,0.0,0.0,0.0
Day_14,1.0,0.0,0.0,0.0,0.0,0.0,0.0,0.0
Day_14,1.0,0.0,0.0,0.0,0.0,0.0,0.0,0.0
Day_14,1.0,0.0,0.0,0.0,0.0,0.0,0.0,0.0
Day_14,1.0,0.0,0.0,0.0,0.0,0.0,0.0,0.0
Day_14,1.0,0.0,0.0,0.0,0.0,0.0,0.0,0.0
Day_14,0.0,0.0,0.0,0.0,0.0,0.0,0.0,0.0
Day_14,0.0,0.0,0.0,0.0,0.0,0.0,0.0,0.0
Day_14,0.0,0.0,0.0,0.0,0.0,0.0,0.0,0.0
Day_14,0.0,0.0,0.0,0.0,0.0,0.0,0.0,0.0
Day_14,0.0,0.0,0.0,0.0,0.0,0.0,0.0,0.0
Day_14,0.0,0.0,0.0,0.0,0.0,0.0,0.0,0.0
Day_14,0.0,0.0,0.0,0.0,0.0,0.0,0.0,0.0
Day_14,0.0,0.0,0.0,0.0,0.0,0.0,0.0,0.0
Day_14,0.0,0.0,0.0,0.0,0.0,0.0,0.0,0.0
Day_14,0.0,0.0,0.0,0.0,0.0,0.0,0.0,0.0
Day_14,0.0,0.0,0.0,0.0,0.0,0.0,0.0,0.0
Day_14,0.0,0.0,0.0,0.0,0.0,0.0,0.0,0.0
Day_14,0.0,0.0,0.0,0.0,0.0,0.0,0.0,0.0
Day_14,0.0,0.0,0.0,0.0,0.0,0.0,0.0,0.0
Day_14,0.0,0.0,0.0,0.0,0.0,0.0,0.0,0.0
Day_14,0.0,0.0,0.0,0.0,0.0,0.0,0.0,0.0
Day_14,0.0,0.0,0.0,0.0,0.0,0.0,0.0,0.0
Day_15,1.0,1.0,1.0,1.0,1.0,1.0,1.0,1.0
Day_15,1.0,1.0,1.0,1.0,1.0,1.0,1.0,1.0
Day_15,1.0,1.0,1.0,1.0,1.0,0.0,0.0,0.0
Day_15,1.0,1.0,1.0,1.0,0.0,0.0,0.0,0.0
Day_15,1.0,1.0,1.0,1.0,0.0,0.0,0.0,0.0
Day_15,1.0,1.0,1.0,1.0,0.0,0.0,0.0,0.0
Day_15,1.0,1.0,1.0,1.0,0.0,0.0,0.0,0.0
Day_15,1.0,1.0,1.0,0.0,0.0,0.0,0.0,0.0
Day_15,1.0,1.0,1.0,0.0,0.0,0.0,0.0,0.0
Day_15,1.0,1.0,1.0,0.0,0.0,0.0,0.0,0.0
Day_15,1.0,1.0,1.0,0.0,0.0,0.0,0.0,0.0
Day_15,1.0,1.0,1.0,0.0,0.0,0.0,0.0,0.0
Day_15,1.0,1.0,1.0,0.0,0.0,0.0,0.0,0.0
Day_15,1.0,1.0,1.0,0.0,0.0,0.0,0.0,0.0
Day_15,1.0,1.0,1.0,0.0,0.0,0.0,0.0,0.0
Day_15,1.0,1.0,1.0,0.0,0.0,0.0,0.0,0.0
Day_15,1.0,1.0,1.0,0.0,0.0,0.0,0.0,0.0
Day_15,1.0,1.0,1.0,0.0,0.0,0.0,0.0,0.0
Day_15,1.0,1.0,1.0,0.0,0.0,0.0,0.0,0.0
Day_15,1.0,1.0,1.0,0.0,0.0,0.0,0.0,0.0
Day_15,1.0,1.0,1.0,0.0,0.0,0.0,0.0,0.0
Day_15,1.0,1.0,1.0,0.0,0.0,0.0,0.0,0.0
Day_15,1.0,1.0,1.0,0.0,0.0,0.0,0.0,0.0
Day_15,1.0,1.0,1.0,0.0,0.0,0.0,0.0,0.0
Day_15,1.0,1.0,1.0,0.0,0.0,0.0,0.0,0.0
Day_15,1.0,1.0,1.0,0.0,0.0,0.0,0.0,0.0
Day_15,1.0,1.0,1.0,0.0,0.0,0.0,0.0,0.0
Day_15,1.0,1.0,1.0,0.0,0.0,0.0,0.0,0.0
Day_15,1.0,1.0,1.0,0.0,0.0,0.0,0.0,0.0
Day_15,1.0,1.0,0.0,0.0,0.0,0.0,0.0,0.0
Day_15,1.0,1.0,0.0,0.0,0.0,0.0,0.0,0.0
Day_15,1.0,1.0,0.0,0.0,0.0,0.0,0.0,0.0
Day_15,1.0,1.0,0.0,0.0,0.0,0.0,0.0,0.0
Day_15,1.0,1.0,0.0,0.0,0.0,0.0,0.0,0.0
Day_15,1.0,1.0,0.0,0.0,0.0,0.0,0.0,0.0
Day_15,1.0,1.0,0.0,0.0,0.0,0.0,0.0,0.0
Day_15,1.0,1.0,0.0,0.0,0.0,0.0,0.0,0.0
Day_15,1.0,1.0,0.0,0.0,0.0,0.0,0.0,0.0
Day_15,1.0,1.0,0.0,0.0,0.0,0.0,0.0,0.0
Day_15,1.0,0.0,0.0,0.0,0.0,0.0,0.0,0.0
Day_15,1.0,0.0,0.0,0.0,0.0,0.0,0.0,0.0
Day_15,1.0,0.0,0.0,0.0,0.0,0.0,0.0,0.0
Day_15,1.0,0.0,0.0,0.0,0.0,0.0,0.0,0.0
Day_15,1.0,0.0,0.0,0.0,0.0,0.0,0.0,0.0
Day_15,1.0,0.0,0.0,0.0,0.0,0.0,0.0,0.0
Day_15,1.0,0.0,0.0,0.0,0.0,0.0,0.0,0.0
Day_15,1.0,0.0,0.0,0.0,0.0,0.0,0.0,0.0
Day_15,1.0,0.0,0.0,0.0,0.0,0.0,0.0,0.0
Day_15,1.0,0.0,0.0,0.0,0.0,0.0,0.0,0.0
Day_15,1.0,0.0,0.0,0.0,0.0,0.0,0.0,0.0
Day_15,1.0,0.0,0.0,0.0,0.0,0.0,0.0,0.0
Day_15,0.0,0.0,0.0,0.0,0.0,0.0,0.0,0.0
Day_15,0.0,0.0,0.0,0.0,0.0,0.0,0.0,0.0
Day_15,0.0,0.0,0.0,0.0,0.0,0.0,0.0,0.0
Day_15,0.0,0.0,0.0,0.0,0.0,0.0,0.0,0.0
Day_15,0.0,0.0,0.0,0.0,0.0,0.0,0.0,0.0
Day_15,0.0,0.0,0.0,0.0,0.0,0.0,0.0,0.0
Day_15,0.0,0.0,0.0,0.0,0.0,0.0,0.0,0.0
Day_15,0.0,0.0,0.0,0.0,0.0,0.0,0.0,0.0
Day_15,0.0,0.0,0.0,0.0,0.0,0.0,0.0,0.0
Day_15,0.0,0.0,0.0,0.0,0.0,0.0,0.0,0.0
Day_15,0.0,0.0,0.0,0.0,0.0,0.0,0.0,0.0
Day_15,0.0,0.0,0.0,0.0,0.0,0.0,0.0,0.0
Day_15,0.0,0.0,0.0,0.0,0.0,0.0,0.0,0.0
Day_15,0.0,0.0,0.0,0.0,0.0,0.0,0.0,0.0
Day_15,0.0,0.0,0.0,0.0,0.0,0.0,0.0,0.0
Day_15,0.0,0.0,0.0,0.0,0.0,0.0,0.0,0.0
Day_15,0.0,0.0,0.0,0.0,0.0,0.0,0.0,0.0
Day_15,0.0,0.0,0.0,0.0,0.0,0.0,0.0,0.0
Day_15,0.0,0.0,0.0,0.0,0.0,0.0,0.0,0.0
Day_15,0.0,0.0,0.0,0.0,0.0,0.0,0.0,0.0
Day_15,0.0,0.0,0.0,0.0,0.0,0.0,0.0,0.0
Day_15,0.0,0.0,0.0,0.0,0.0,0.0,0.0,0.0
Day_16,1.0,1.0,1.0,1.0,1.0,0.0,0.0,0.0
Day_16,1.0,1.0,1.0,1.0,1.0,0.0,0.0,0.0
Day_16,1.0,1.0,1.0,1.0,1.0,0.0,0.0,0.0
Day_16,1.0,1.0,1.0,1.0,1.0,0.0,0.0,0.0
Day_16,1.0,1.0,1.0,1.0,1.0,0.0,0.0,0.0
Day_16,1.0,1.0,1.0,1.0,0.0,0.0,0.0,0.0
Day_16,1.0,1.0,1.0,1.0,0.0,0.0,0.0,0.0
Day_16,1.0,1.0,1.0,1.0,0.0,0.0,0.0,0.0
Day_16,1.0,1.0,1.0,1.0,0.0,0.0,0.0,0.0
Day_16,1.0,1.0,1.0,0.0,0.0,0.0,0.0,0.0
Day_16,1.0,1.0,1.0,0.0,0.0,0.0,0.0,0.0
Day_16,1.0,1.0,1.0,0.0,0.0,0.0,0.0,0.0
Day_16,1.0,1.0,1.0,0.0,0.0,0.0,0.0,0.0
Day_16,1.0,1.0,1.0,0.0,0.0,0.0,0.0,0.0
Day_16,1.0,1.0,1.0,0.0,0.0,0.0,0.0,0.0
Day_16,1.0,1.0,1.0,0.0,0.0,0.0,0.0,0.0
Day_16,1.0,1.0,1.0,0.0,0.0,0.0,0.0,0.0
Day_16,1.0,1.0,1.0,0.0,0.0,0.0,0.0,0.0
Day_16,1.0,1.0,1.0,0.0,0.0,0.0,0.0,0.0
Day_16,1.0,1.0,1.0,0.0,0.0,0.0,0.0,0.0
Day_16,1.0,1.0,1.0,0.0,0.0,0.0,0.0,0.0
Day_16,1.0,1.0,1.0,0.0,0.0,0.0,0.0,0.0
Day_16,1.0,1.0,1.0,0.0,0.0,0.0,0.0,0.0
Day_16,1.0,1.0,1.0,0.0,0.0,0.0,0.0,0.0
Day_16,1.0,1.0,1.0,0.0,0.0,0.0,0.0,0.0
Day_16,1.0,1.0,1.0,0.0,0.0,0.0,0.0,0.0
Day_16,1.0,1.0,1.0,0.0,0.0,0.0,0.0,0.0
Day_16,1.0,1.0,1.0,0.0,0.0,0.0,0.0,0.0
Day_16,1.0,1.0,1.0,0.0,0.0,0.0,0.0,0.0
Day_16,1.0,1.0,1.0,0.0,0.0,0.0,0.0,0.0
Day_16,1.0,1.0,1.0,0.0,0.0,0.0,0.0,0.0
Day_16,1.0,1.0,1.0,0.0,0.0,0.0,0.0,0.0
Day_16,1.0,1.0,1.0,0.0,0.0,0.0,0.0,0.0
Day_16,1.0,1.0,1.0,0.0,0.0,0.0,0.0,0.0
Day_16,1.0,1.0,1.0,0.0,0.0,0.0,0.0,0.0
Day_16,1.0,1.0,1.0,0.0,0.0,0.0,0.0,0.0
Day_16,1.0,1.0,1.0,0.0,0.0,0.0,0.0,0.0
Day_16,1.0,1.0,0.0,0.0,0.0,0.0,0.0,0.0
Day_16,1.0,1.0,0.0,0.0,0.0,0.0,0.0,0.0
Day_16,1.0,1.0,0.0,0.0,0.0,0.0,0.0,0.0
Day_16,1.0,1.0,0.0,0.0,0.0,0.0,0.0,0.0
Day_16,1.0,1.0,0.0,0.0,0.0,0.0,0.0,0.0
Day_16,1.0,1.0,0.0,0.0,0.0,0.0,0.0,0.0
Day_16,1.0,1.0,0.0,0.0,0.0,0.0,0.0,0.0
Day_16,1.0,1.0,0.0,0.0,0.0,0.0,0.0,0.0
Day_16,1.0,1.0,0.0,0.0,0.0,0.0,0.0,0.0
Day_16,1.0,1.0,0.0,0.0,0.0,0.0,0.0,0.0
Day_16,1.0,0.0,0.0,0.0,0.0,0.0,0.0,0.0
Day_16,1.0,0.0,0.0,0.0,0.0,0.0,0.0,0.0
Day_16,1.0,0.0,0.0,0.0,0.0,0.0,0.0,0.0
Day_16,1.0,0.0,0.0,0.0,0.0,0.0,0.0,0.0
Day_16,0.0,0.0,0.0,0.0,0.0,0.0,0.0,0.0
Day_16,0.0,0.0,0.0,0.0,0.0,0.0,0.0,0.0
Day_16,0.0,0.0,0.0,0.0,0.0,0.0,0.0,0.0
Day_16,0.0,0.0,0.0,0.0,0.0,0.0,0.0,0.0
Day_16,0.0,0.0,0.0,0.0,0.0,0.0,0.0,0.0
Day_16,0.0,0.0,0.0,0.0,0.0,0.0,0.0,0.0
Day_16,0.0,0.0,0.0,0.0,0.0,0.0,0.0,0.0
Day_16,0.0,0.0,0.0,0.0,0.0,0.0,0.0,0.0
Day_16,0.0,0.0,0.0,0.0,0.0,0.0,0.0,0.0
Day_16,0.0,0.0,0.0,0.0,0.0,0.0,0.0,0.0
Day_16,0.0,0.0,0.0,0.0,0.0,0.0,0.0,0.0
Day_16,0.0,0.0,0.0,0.0,0.0,0.0,0.0,0.0
Day_16,0.0,0.0,0.0,0.0,0.0,0.0,0.0,0.0
Day_16,0.0,0.0,0.0,0.0,0.0,0.0,0.0,0.0
Day_16,0.0,0.0,0.0,0.0,0.0,0.0,0.0,0.0
Day_16,0.0,0.0,0.0,0.0,0.0,0.0,0.0,0.0
Day_16,0.0,0.0,0.0,0.0,0.0,0.0,0.0,0.0
Day_16,0.0,0.0,0.0,0.0,0.0,0.0,0.0,0.0
Day_16,0.0,0.0,0.0,0.0,0.0,0.0,0.0,0.0
Day_16,0.0,0.0,0.0,0.0,0.0,0.0,0.0,0.0
Day_16,0.0,0.0,0.0,0.0,0.0,0.0,0.0,0.0
Day_16,0.0,0.0,0.0,0.0,0.0,0.0,0.0,0.0
Day_16,0.0,0.0,0.0,0.0,0.0,0.0,0.0,0.0
Day_16,0.0,0.0,0.0,0.0,0.0,0.0,0.0,0.0
Day_16,0.0,0.0,0.0,0.0,0.0,0.0,0.0,0.0
Day_17,1.0,1.0,1.0,1.0,1.0,1.0,1.0,1.0
Day_17,1.0,1.0,1.0,1.0,0.0,0.0,0.0,0.0
Day_17,1.0,1.0,1.0,1.0,0.0,0.0,0.0,0.0
Day_17,1.0,1.0,1.0,1.0,0.0,0.0,0.0,0.0
Day_17,1.0,1.0,1.0,0.0,0.0,0.0,0.0,0.0
Day_17,1.0,1.0,1.0,0.0,0.0,0.0,0.0,0.0
Day_17,1.0,1.0,1.0,0.0,0.0,0.0,0.0,0.0
Day_17,1.0,1.0,1.0,0.0,0.0,0.0,0.0,0.0
Day_17,1.0,1.0,1.0,0.0,0.0,0.0,0.0,0.0
Day_17,1.0,1.0,1.0,0.0,0.0,0.0,0.0,0.0
Day_17,1.0,1.0,1.0,0.0,0.0,0.0,0.0,0.0
Day_17,1.0,1.0,1.0,0.0,0.0,0.0,0.0,0.0
Day_17,1.0,1.0,1.0,0.0,0.0,0.0,0.0,0.0
Day_17,1.0,1.0,1.0,0.0,0.0,0.0,0.0,0.0
Day_17,1.0,1.0,1.0,0.0,0.0,0.0,0.0,0.0
Day_17,1.0,1.0,1.0,0.0,0.0,0.0,0.0,0.0
Day_17,1.0,1.0,0.0,0.0,0.0,0.0,0.0,0.0
Day_17,1.0,1.0,0.0,0.0,0.0,0.0,0.0,0.0
Day_17,1.0,1.0,0.0,0.0,0.0,0.0,0.0,0.0
Day_17,1.0,0.0,0.0,0.0,0.0,0.0,0.0,0.0
Day_17,1.0,0.0,0.0,0.0,0.0,0.0,0.0,0.0
Day_17,1.0,0.0,0.0,0.0,0.0,0.0,0.0,0.0
Day_17,1.0,0.0,0.0,0.0,0.0,0.0,0.0,0.0
Day_17,0.0,0.0,0.0,0.0,0.0,0.0,0.0,0.0
Day_17,0.0,0.0,0.0,0.0,0.0,0.0,0.0,0.0
Day_17,0.0,0.0,0.0,0.0,0.0,0.0,0.0,0.0
Day_17,0.0,0.0,0.0,0.0,0.0,0.0,0.0,0.0
Day_17,0.0,0.0,0.0,0.0,0.0,0.0,0.0,0.0
Day_17,0.0,0.0,0.0,0.0,0.0,0.0,0.0,0.0
Day_17,0.0,0.0,0.0,0.0,0.0,0.0,0.0,0.0
Day_17,0.0,0.0,0.0,0.0,0.0,0.0,0.0,0.0
Day_17,0.0,0.0,0.0,0.0,0.0,0.0,0.0,0.0
Day_18,1.0,1.0,1.0,1.0,1.0,1.0,1.0,0.0
Day_18,1.0,1.0,1.0,1.0,1.0,0.0,0.0,0.0
Day_18,1.0,1.0,1.0,1.0,0.0,0.0,0.0,0.0
Day_18,1.0,1.0,1.0,1.0,0.0,0.0,0.0,0.0
Day_18,1.0,1.0,1.0,0.0,0.0,0.0,0.0,0.0
Day_18,1.0,1.0,1.0,0.0,0.0,0.0,0.0,0.0
Day_18,1.0,1.0,1.0,0.0,0.0,0.0,0.0,0.0
Day_18,1.0,1.0,1.0,0.0,0.0,0.0,0.0,0.0
Day_18,1.0,1.0,1.0,0.0,0.0,0.0,0.0,0.0
Day_18,1.0,1.0,1.0,0.0,0.0,0.0,0.0,0.0
Day_18,1.0,1.0,1.0,0.0,0.0,0.0,0.0,0.0
Day_18,1.0,1.0,1.0,0.0,0.0,0.0,0.0,0.0
Day_18,1.0,1.0,1.0,0.0,0.0,0.0,0.0,0.0
Day_18,1.0,1.0,1.0,0.0,0.0,0.0,0.0,0.0
Day_18,1.0,1.0,1.0,0.0,0.0,0.0,0.0,0.0
Day_18,1.0,1.0,1.0,0.0,0.0,0.0,0.0,0.0
Day_18,1.0,1.0,1.0,0.0,0.0,0.0,0.0,0.0
Day_18,1.0,1.0,1.0,0.0,0.0,0.0,0.0,0.0
Day_18,1.0,1.0,1.0,0.0,0.0,0.0,0.0,0.0
Day_18,1.0,1.0,1.0,0.0,0.0,0.0,0.0,0.0
Day_18,1.0,1.0,1.0,0.0,0.0,0.0,0.0,0.0
Day_18,1.0,1.0,1.0,0.0,0.0,0.0,0.0,0.0
Day_18,1.0,1.0,1.0,0.0,0.0,0.0,0.0,0.0
Day_18,1.0,1.0,1.0,0.0,0.0,0.0,0.0,0.0
Day_18,1.0,1.0,1.0,0.0,0.0,0.0,0.0,0.0
Day_18,1.0,1.0,1.0,0.0,0.0,0.0,0.0,0.0
Day_18,1.0,1.0,0.0,0.0,0.0,0.0,0.0,0.0
Day_18,1.0,1.0,0.0,0.0,0.0,0.0,0.0,0.0
Day_18,1.0,1.0,0.0,0.0,0.0,0.0,0.0,0.0
Day_18,1.0,1.0,0.0,0.0,0.0,0.0,0.0,0.0
Day_18,1.0,1.0,0.0,0.0,0.0,0.0,0.0,0.0
Day_18,1.0,1.0,0.0,0.0,0.0,0.0,0.0,0.0
Day_18,1.0,1.0,0.0,0.0,0.0,0.0,0.0,0.0
Day_18,1.0,1.0,0.0,0.0,0.0,0.0,0.0,0.0
Day_18,1.0,1.0,0.0,0.0,0.0,0.0,0.0,0.0
Day_18,1.0,1.0,0.0,0.0,0.0,0.0,0.0,0.0
Day_18,1.0,1.0,0.0,0.0,0.0,0.0,0.0,0.0
Day_18,1.0,1.0,0.0,0.0,0.0,0.0,0.0,0.0
Day_18,1.0,0.0,0.0,0.0,0.0,0.0,0.0,0.0
Day_18,1.0,0.0,0.0,0.0,0.0,0.0,0.0,0.0
Day_18,1.0,0.0,0.0,0.0,0.0,0.0,0.0,0.0
Day_18,1.0,0.0,0.0,0.0,0.0,0.0,0.0,0.0
Day_18,1.0,0.0,0.0,0.0,0.0,0.0,0.0,0.0
Day_18,0.0,0.0,0.0,0.0,0.0,0.0,0.0,0.0
Day_18,0.0,0.0,0.0,0.0,0.0,0.0,0.0,0.0
Day_18,0.0,0.0,0.0,0.0,0.0,0.0,0.0,0.0
Day_18,0.0,0.0,0.0,0.0,0.0,0.0,0.0,0.0
Day_18,0.0,0.0,0.0,0.0,0.0,0.0,0.0,0.0
Day_18,0.0,0.0,0.0,0.0,0.0,0.0,0.0,0.0
Day_18,0.0,0.0,0.0,0.0,0.0,0.0,0.0,0.0
Day_18,0.0,0.0,0.0,0.0,0.0,0.0,0.0,0.0
Day_18,0.0,0.0,0.0,0.0,0.0,0.0,0.0,0.0
Day_18,0.0,0.0,0.0,0.0,0.0,0.0,0.0,0.0
Day_18,0.0,0.0,0.0,0.0,0.0,0.0,0.0,0.0
Day_18,0.0,0.0,0.0,0.0,0.0,0.0,0.0,0.0
Day_18,0.0,0.0,0.0,0.0,0.0,0.0,0.0,0.0
Day_18,0.0,0.0,0.0,0.0,0.0,0.0,0.0,0.0
Day_18,0.0,0.0,0.0,0.0,0.0,0.0,0.0,0.0
Day_18,0.0,0.0,0.0,0.0,0.0,0.0,0.0,0.0
Day_18,0.0,0.0,0.0,0.0,0.0,0.0,0.0,0.0
Day_18,0.0,0.0,0.0,0.0,0.0,0.0,0.0,0.0
Day_18,0.0,0.0,0.0,0.0,0.0,0.0,0.0,0.0
Day_18,0.0,0.0,0.0,0.0,0.0,0.0,0.0,0.0
Day_18,0.0,0.0,0.0,0.0,0.0,0.0,0.0,0.0
Day_18,0.0,0.0,0.0,0.0,0.0,0.0,0.0,0.0
Day_19,1.0,1.0,1.0,1.0,1.0,1.0,1.0,0.0
Day_19,1.0,1.0,1.0,1.0,1.0,0.0,0.0,0.0
Day_19,1.0,1.0,1.0,1.0,1.0,0.0,0.0,0.0
Day_19,1.0,1.0,1.0,1.0,0.0,0.0,0.0,0.0
Day_19,1.0,1.0,1.0,1.0,0.0,0.0,0.0,0.0
Day_19,1.0,1.0,1.0,1.0,0.0,0.0,0.0,0.0
Day_19,1.0,1.0,1.0,1.0,0.0,0.0,0.0,0.0
Day_19,1.0,1.0,1.0,1.0,0.0,0.0,0.0,0.0
Day_19,1.0,1.0,1.0,1.0,0.0,0.0,0.0,0.0
Day_19,1.0,1.0,1.0,1.0,0.0,0.0,0.0,0.0
Day_19,1.0,1.0,1.0,0.0,0.0,0.0,0.0,0.0
Day_19,1.0,1.0,1.0,0.0,0.0,0.0,0.0,0.0
Day_19,1.0,1.0,1.0,0.0,0.0,0.0,0.0,0.0
Day_19,1.0,1.0,1.0,0.0,0.0,0.0,0.0,0.0
Day_19,1.0,1.0,1.0,0.0,0.0,0.0,0.0,0.0
Day_19,1.0,1.0,1.0,0.0,0.0,0.0,0.0,0.0
Day_19,1.0,1.0,1.0,0.0,0.0,0.0,0.0,0.0
Day_19,1.0,1.0,1.0,0.0,0.0,0.0,0.0,0.0
Day_19,1.0,1.0,1.0,0.0,0.0,0.0,0.0,0.0
Day_19,1.0,1.0,1.0,0.0,0.0,0.0,0.0,0.0
Day_19,1.0,1.0,1.0,0.0,0.0,0.0,0.0,0.0
Day_19,1.0,1.0,1.0,0.0,0.0,0.0,0.0,0.0
Day_19,1.0,1.0,1.0,0.0,0.0,0.0,0.0,0.0
Day_19,1.0,1.0,1.0,0.0,0.0,0.0,0.0,0.0
Day_19,1.0,1.0,1.0,0.0,0.0,0.0,0.0,0.0
Day_19,1.0,1.0,1.0,0.0,0.0,0.0,0.0,0.0
Day_19,1.0,1.0,1.0,0.0,0.0,0.0,0.0,0.0
Day_19,1.0,1.0,1.0,0.0,0.0,0.0,0.0,0.0
Day_19,1.0,1.0,1.0,0.0,0.0,0.0,0.0,0.0
Day_19,1.0,1.0,1.0,0.0,0.0,0.0,0.0,0.0
Day_19,1.0,1.0,1.0,0.0,0.0,0.0,0.0,0.0
Day_19,1.0,1.0,1.0,0.0,0.0,0.0,0.0,0.0
Day_19,1.0,1.0,1.0,0.0,0.0,0.0,0.0,0.0
Day_19,1.0,1.0,1.0,0.0,0.0,0.0,0.0,0.0
Day_19,1.0,1.0,0.0,0.0,0.0,0.0,0.0,0.0
Day_19,1.0,1.0,0.0,0.0,0.0,0.0,0.0,0.0
Day_19,1.0,1.0,0.0,0.0,0.0,0.0,0.0,0.0
Day_19,1.0,1.0,0.0,0.0,0.0,0.0,0.0,0.0
Day_19,1.0,0.0,0.0,0.0,0.0,0.0,0.0,0.0
Day_19,1.0,0.0,0.0,0.0,0.0,0.0,0.0,0.0
Day_19,1.0,0.0,0.0,0.0,0.0,0.0,0.0,0.0
Day_19,1.0,0.0,0.0,0.0,0.0,0.0,0.0,0.0
Day_19,1.0,0.0,0.0,0.0,0.0,0.0,0.0,0.0
Day_19,1.0,0.0,0.0,0.0,0.0,0.0,0.0,0.0
Day_19,1.0,0.0,0.0,0.0,0.0,0.0,0.0,0.0
Day_19,1.0,0.0,0.0,0.0,0.0,0.0,0.0,0.0
Day_19,1.0,0.0,0.0,0.0,0.0,0.0,0.0,0.0
Day_19,1.0,0.0,0.0,0.0,0.0,0.0,0.0,0.0
Day_19,0.0,0.0,0.0,0.0,0.0,0.0,0.0,0.0
Day_19,0.0,0.0,0.0,0.0,0.0,0.0,0.0,0.0
Day_19,0.0,0.0,0.0,0.0,0.0,0.0,0.0,0.0
Day_19,0.0,0.0,0.0,0.0,0.0,0.0,0.0,0.0
Day_19,0.0,0.0,0.0,0.0,0.0,0.0,0.0,0.0
Day_19,0.0,0.0,0.0,0.0,0.0,0.0,0.0,0.0
Day_19,0.0,0.0,0.0,0.0,0.0,0.0,0.0,0.0
Day_19,0.0,0.0,0.0,0.0,0.0,0.0,0.0,0.0
Day_19,0.0,0.0,0.0,0.0,0.0,0.0,0.0,0.0
Day_19,0.0,0.0,0.0,0.0,0.0,0.0,0.0,0.0
Day_19,0.0,0.0,0.0,0.0,0.0,0.0,0.0,0.0
Day_19,0.0,0.0,0.0,0.0,0.0,0.0,0.0,0.0
Day_19,0.0,0.0,0.0,0.0,0.0,0.0,0.0,0.0
Day_19,0.0,0.0,0.0,0.0,0.0,0.0,0.0,0.0
Day_19,0.0,0.0,0.0,0.0,0.0,0.0,0.0,0.0
Day_19,0.0,0.0,0.0,0.0,0.0,0.0,0.0,0.0
Day_19,0.0,0.0,0.0,0.0,0.0,0.0,0.0,0.0
Day_19,0.0,0.0,0.0,0.0,0.0,0.0,0.0,0.0
Day_20,1.0,1.0,1.0,1.0,0.0,0.0,0.0,0.0
Day_20,1.0,1.0,1.0,1.0,0.0,0.0,0.0,0.0
Day_20,1.0,1.0,1.0,1.0,0.0,0.0,0.0,0.0
Day_20,1.0,1.0,1.0,1.0,0.0,0.0,0.0,0.0
Day_20,1.0,1.0,1.0,0.0,0.0,0.0,0.0,0.0
Day_20,1.0,1.0,1.0,0.0,0.0,0.0,0.0,0.0
Day_20,1.0,1.0,1.0,0.0,0.0,0.0,0.0,0.0
Day_20,1.0,1.0,1.0,0.0,0.0,0.0,0.0,0.0
Day_20,1.0,1.0,1.0,0.0,0.0,0.0,0.0,0.0
Day_20,1.0,1.0,1.0,0.0,0.0,0.0,0.0,0.0
Day_20,1.0,1.0,1.0,0.0,0.0,0.0,0.0,0.0
Day_20,1.0,1.0,1.0,0.0,0.0,0.0,0.0,0.0
Day_20,1.0,1.0,1.0,0.0,0.0,0.0,0.0,0.0
Day_20,1.0,1.0,1.0,0.0,0.0,0.0,0.0,0.0
Day_20,1.0,1.0,1.0,0.0,0.0,0.0,0.0,0.0
Day_20,1.0,1.0,1.0,0.0,0.0,0.0,0.0,0.0
Day_20,1.0,1.0,1.0,0.0,0.0,0.0,0.0,0.0
Day_20,1.0,1.0,1.0,0.0,0.0,0.0,0.0,0.0
Day_20,1.0,1.0,0.0,0.0,0.0,0.0,0.0,0.0
Day_20,1.0,1.0,0.0,0.0,0.0,0.0,0.0,0.0
Day_20,1.0,0.0,0.0,0.0,0.0,0.0,0.0,0.0
Day_20,1.0,0.0,0.0,0.0,0.0,0.0,0.0,0.0
Day_20,1.0,0.0,0.0,0.0,0.0,0.0,0.0,0.0
Day_20,1.0,0.0,0.0,0.0,0.0,0.0,0.0,0.0
Day_20,1.0,0.0,0.0,0.0,0.0,0.0,0.0,0.0
Day_20,1.0,0.0,0.0,0.0,0.0,0.0,0.0,0.0
Day_20,1.0,0.0,0.0,0.0,0.0,0.0,0.0,0.0
Day_20,1.0,0.0,0.0,0.0,0.0,0.0,0.0,0.0
Day_20,1.0,0.0,0.0,0.0,0.0,0.0,0.0,0.0
Day_20,0.0,0.0,0.0,0.0,0.0,0.0,0.0,0.0
Day_20,0.0,0.0,0.0,0.0,0.0,0.0,0.0,0.0
Day_20,0.0,0.0,0.0,0.0,0.0,0.0,0.0,0.0
Day_20,0.0,0.0,0.0,0.0,0.0,0.0,0.0,0.0
Day_20,0.0,0.0,0.0,0.0,0.0,0.0,0.0,0.0
Day_20,0.0,0.0,0.0,0.0,0.0,0.0,0.0,0.0
Day_20,0.0,0.0,0.0,0.0,0.0,0.0,0.0,0.0
Day_20,0.0,0.0,0.0,0.0,0.0,0.0,0.0,0.0
Day_20,0.0,0.0,0.0,0.0,0.0,0.0,0.0,0.0
Day_20,0.0,0.0,0.0,0.0,0.0,0.0,0.0,0.0
Day_20,0.0,0.0,0.0,0.0,0.0,0.0,0.0,0.0
Day_20,0.0,0.0,0.0,0.0,0.0,0.0,0.0,0.0
Day_20,0.0,0.0,0.0,0.0,0.0,0.0,0.0,0.0
Day_21,1.0,1.0,0.0,0.0,0.0,0.0,0.0,0.0
Day_21,1.0,1.0,0.0,0.0,0.0,0.0,0.0,0.0
Day_21,1.0,1.0,0.0,0.0,0.0,0.0,0.0,0.0
Day_21,1.0,1.0,0.0,0.0,0.0,0.0,0.0,0.0
Day_21,1.0,1.0,0.0,0.0,0.0,0.0,0.0,0.0
Day_21,1.0,1.0,0.0,0.0,0.0,0.0,0.0,0.0
Day_21,1.0,1.0,0.0,0.0,0.0,0.0,0.0,0.0
Day_21,1.0,1.0,0.0,0.0,0.0,0.0,0.0,0.0
Day_21,1.0,1.0,0.0,0.0,0.0,0.0,0.0,0.0
Day_21,1.0,1.0,0.0,0.0,0.0,0.0,0.0,0.0
Day_21,1.0,1.0,0.0,0.0,0.0,0.0,0.0,0.0
Day_21,1.0,1.0,0.0,0.0,0.0,0.0,0.0,0.0
Day_21,1.0,1.0,0.0,0.0,0.0,0.0,0.0,0.0
Day_21,1.0,1.0,0.0,0.0,0.0,0.0,0.0,0.0
Day_21,1.0,1.0,0.0,0.0,0.0,0.0,0.0,0.0
Day_21,1.0,1.0,0.0,0.0,0.0,0.0,0.0,0.0
Day_21,1.0,1.0,0.0,0.0,0.0,0.0,0.0,0.0
Day_21,1.0,1.0,0.0,0.0,0.0,0.0,0.0,0.0
Day_21,1.0,1.0,0.0,0.0,0.0,0.0,0.0,0.0
Day_21,1.0,0.0,0.0,0.0,0.0,0.0,0.0,0.0
Day_21,1.0,0.0,0.0,0.0,0.0,0.0,0.0,0.0
Day_21,1.0,0.0,0.0,0.0,0.0,0.0,0.0,0.0
Day_21,1.0,0.0,0.0,0.0,0.0,0.0,0.0,0.0
Day_21,1.0,0.0,0.0,0.0,0.0,0.0,0.0,0.0
Day_21,1.0,0.0,0.0,0.0,0.0,0.0,0.0,0.0
Day_21,1.0,0.0,0.0,0.0,0.0,0.0,0.0,0.0
Day_21,1.0,0.0,0.0,0.0,0.0,0.0,0.0,0.0
Day_21,1.0,0.0,0.0,0.0,0.0,0.0,0.0,0.0
Day_21,1.0,0.0,0.0,0.0,0.0,0.0,0.0,0.0
Day_21,1.0,0.0,0.0,0.0,0.0,0.0,0.0,0.0
Day_21,1.0,0.0,0.0,0.0,0.0,0.0,0.0,0.0
Day_21,0.0,0.0,0.0,0.0,0.0,0.0,0.0,0.0
Day_21,0.0,0.0,0.0,0.0,0.0,0.0,0.0,0.0
Day_21,0.0,0.0,0.0,0.0,0.0,0.0,0.0,0.0
Day_21,0.0,0.0,0.0,0.0,0.0,0.0,0.0,0.0
Day_21,0.0,0.0,0.0,0.0,0.0,0.0,0.0,0.0
Day_21,0.0,0.0,0.0,0.0,0.0,0.0,0.0,0.0
Day_21,0.0,0.0,0.0,0.0,0.0,0.0,0.0,0.0
Day_21,0.0,0.0,0.0,0.0,0.0,0.0,0.0,0.0
Day_21,0.0,0.0,0.0,0.0,0.0,0.0,0.0,0.0
Day_21,0.0,0.0,0.0,0.0,0.0,0.0,0.0,0.0
Day_21,0.0,0.0,0.0,0.0,0.0,0.0,0.0,0.0
Day_21,0.0,0.0,0.0,0.0,0.0,0.0,0.0,0.0
