Run,Day,Interval,Success
1,Day_1,1,1
1,Day_1,2,1
1,Day_1,3,1
1,Day_1,4,1
1,Day_1,5,1
1,Day_1,6,0
2,Day_1,1,1
2,Day_1,2,1
2,Day_1,3,1
2,Day_1,4,1
2,Day_1,5,1
2,Day_1,6,0
3,Day_1,1,1
3,Day_1,2,1
3,Day_1,3,1
3,Day_1,4,1
3,Day_1,5,1
3,Day_1,6,0
4,Day_1,1,1
4,Day_1,2,1
4,Day_1,3,1
4,Day_1,4,1
4,Day_1,5,0
5,Day_1,1,1
5,Day_1,2,1
5,Day_1,3,1
5,Day_1,4,1
5,Day_1,5,0
6,Day_1,1,1
6,Day_1,2,1
6,Day_1,3,1
6,Day_1,4,1
6,Day_1,5,0
7,Day_1,1,1
7,Day_1,2,1
7,Day_1,3,1
7,Day_1,4,1
7,Day_1,5,0
8,Day_1,1,1
8,Day_1,2,1
8,Day_1,3,1
8,Day_1,4,0
9,Day_1,1,1
9,Day_1,2,1
9,Day_1,3,1
9,Day_1,4,0
10,Day_1,1,1
10,Day_1,2,1
10,Day_1,3,1
10,Day_1,4,0
11,Day_1,1,1
11,Day_1,2,1
11,Day_1,3,1
11,Day_1,4,0
12,Day_1,1,1
12,Day_1,2,1
12,Day_1,3,1
12,Day_1,4,0
13,Day_1,1,1
13,Day_1,2,1
13,Day_1,3,1
13,Day_1,4,0
14,Day_1,1,1
14,Day_1,2,1
14,Day_1,3,1
14,Day_1,4,0
15,Day_1,1,1
15,Day_1,2,1
15,Day_1,3,1
15,Day_1,4,0
16,Day_1,1,1
16,Day_1,2,1
16,Day_1,3,1
16,Day_1,4,0
17,Day_1,1,1
17,Day_1,2,1
17,Day_1,3,1
17,Day_1,4,0
18,Day_1,1,1
18,Day_1,2,1
18,Day_1,3,1
18,Day_1,4,0
19,Day_1,1,1
19,Day_1,2,1
19,Day_1,3,1
19,Day_1,4,0
20,Day_1,1,1
20,Day_1,2,1
20,Day_1,3,1
20,Day_1,4,0
21,Day_1,1,1
21,Day_1,2,1
21,Day_1,3,1
21,Day_1,4,0
22,Day_1,1,1
22,Day_1,2,1
22,Day_1,3,1
22,Day_1,4,0
23,Day_1,1,1
23,Day_1,2,1
23,Day_1,3,1
23,Day_1,4,0
24,Day_1,1,1
24,Day_1,2,1
24,Day_1,3,1
24,Day_1,4,0
25,Day_1,1,1
25,Day_1,2,1
25,Day_1,3,1
25,Day_1,4,0
26,Day_1,1,1
26,Day_1,2,1
26,Day_1,3,1
26,Day_1,4,0
27,Day_1,1,1
27,Day_1,2,1
27,Day_1,3,1
27,Day_1,4,0
28,Day_1,1,1
28,Day_1,2,1
28,Day_1,3,1
28,Day_1,4,0
29,Day_1,1,1
29,Day_1,2,1
29,Day_1,3,0
30,Day_1,1,1
30,Day_1,2,1
30,Day_1,3,0
31,Day_1,1,1
31,Day_1,2,1
31,Day_1,3,0
32,Day_1,1,1
32,Day_1,2,1
32,Day_1,3,0
33,Day_1,1,1
33,Day_1,2,1
33,Day_1,3,0
34,Day_1,1,1
34,Day_1,2,1
34,Day_1,3,0
35,Day_1,1,1
35,Day_1,2,1
35,Day_1,3,0
36,Day_1,1,1
36,Day_1,2,0
37,Day_1,1,1
37,Day_1,2,0
38,Day_1,1,1
38,Day_1,2,0
39,Day_1,1,1
39,Day_1,2,0
40,Day_1,1,1
40,Day_1,2,0
41,Day_1,1,1
41,Day_1,2,0
42,Day_1,1,1
42,Day_1,2,0
43,Day_1,1,1
43,Day_1,2,0
44,Day_1,1,1
44,Day_1,2,0
45,Day_1,1,1
45,Day_1,2,0
46,Day_1,1,1
46,Day_1,2,0
47,Day_1,1,1
47,Day_1,2,0
48,Day_1,1,1
48,Day_1,2,0
49,Day_1,1,1
49,Day_1,2,0
50,Day_1,1,0
51,Day_1,1,0
52,Day_1,1,0
53,Day_1,1,0
54,Day_1,1,0
55,Day_1,1,0
56,Day_1,1,0
57,Day_1,1,0
58,Day_1,1,0
59,Day_1,1,0
60,Day_1,1,0
61,Day_1,1,0
62,Day_1,1,0
63,Day_1,1,0
64,Day_1,1,0
65,Day_1,1,0
66,Day_1,1,0
67,Day_1,1,0
68,Day_1,1,0
69,Day_1,1,0
70,Day_1,1,0
71,Day_1,1,0
72,Day_1,1,0
73,Day_1,1,0
74,Day_1,1,0
75,Day_1,1,0
76,Day_1,1,0
77,Day_1,1,0
78,Day_1,1,0
79,Day_1,1,0
80,Day_1,1,0
81,Day_1,1,0
82,Day_1,1,0
83,Day_1,1,0
84,Day_2,1,1
84,Day_2,2,1
84,Day_2,3,1
84,Day_2,4,0
85,Day_2,1,1
85,Day_2,2,1
85,Day_2,3,1
85,Day_2,4,0
86,Day_2,1,1
86,Day_2,2,1
86,Day_2,3,1
86,Day_2,4,0
87,Day_2,1,1
87,Day_2,2,1
87,Day_2,3,1
87,Day_2,4,0
88,Day_2,1,1
88,Day_2,2,1
88,Day_2,3,1
88,Day_2,4,0
89,Day_2,1,1
89,Day_2,2,1
89,Day_2,3,1
89,Day_2,4,0
90,Day_2,1,1
90,Day_2,2,1
90,Day_2,3,1
90,Day_2,4,0
91,Day_2,1,1
91,Day_2,2,1
91,Day_2,3,1
91,Day_2,4,0
92,Day_2,1,1
92,Day_2,2,1
92,Day_2,3,1
92,Day_2,4,0
93,Day_2,1,1
93,Day_2,2,1
93,Day_2,3,1
93,Day_2,4,0
94,Day_2,1,1
94,Day_2,2,1
94,Day_2,3,1
94,Day_2,4,0
95,Day_2,1,1
95,Day_2,2,1
95,Day_2,3,1
95,Day_2,4,0
96,Day_2,1,1
96,Day_2,2,1
96,Day_2,3,1
96,Day_2,4,0
97,Day_2,1,1
97,Day_2,2,1
97,Day_2,3,1
97,Day_2,4,0
98,Day_2,1,1
98,Day_2,2,1
98,Day_2,3,1
98,Day_2,4,0
99,Day_2,1,1
99,Day_2,2,1
99,Day_2,3,1
99,Day_2,4,0
100,Day_2,1,1
100,Day_2,2,1
100,Day_2,3,1
100,Day_2,4,0
101,Day_2,1,1
101,Day_2,2,1
101,Day_2,3,1
101,Day_2,4,0
102,Day_2,1,1
102,Day_2,2,1
102,Day_2,3,1
102,Day_2,4,0
103,Day_2,1,1
103,Day_2,2,1
103,Day_2,3,1
103,Day_2,4,0
104,Day_2,1,1
104,Day_2,2,1
104,Day_2,3,1
104,Day_2,4,0
105,Day_2,1,1
105,Day_2,2,1
105,Day_2,3,1
105,Day_2,4,0
106,Day_2,1,1
106,Day_2,2,1
106,Day_2,3,1
106,Day_2,4,0
107,Day_2,1,1
107,Day_2,2,1
107,Day_2,3,1
107,Day_2,4,0
108,Day_2,1,1
108,Day_2,2,1
108,Day_2,3,1
108,Day_2,4,0
109,Day_2,1,1
109,Day_2,2,1
109,Day_2,3,0
110,Day_2,1,1
110,Day_2,2,1
110,Day_2,3,0
111,Day_2,1,1
111,Day_2,2,1
111,Day_2,3,0
112,Day_2,1,1
112,Day_2,2,1
112,Day_2,3,0
113,Day_2,1,1
113,Day_2,2,1
113,Day_2,3,0
114,Day_2,1,1
114,Day_2,2,1
114,Day_2,3,0
115,Day_2,1,1
115,Day_2,2,1
115,Day_2,3,0
116,Day_2,1,1
116,Day_2,2,1
116,Day_2,3,0
117,Day_2,1,1
117,Day_2,2,0
118,Day_2,1,1
118,Day_2,2,0
119,Day_2,1,1
119,Day_2,2,0
120,Day_2,1,1
120,Day_2,2,0
121,Day_2,1,1
121,Day_2,2,0
122,Day_2,1,1
122,Day_2,2,0
123,Day_2,1,1
123,Day_2,2,0
124,Day_2,1,1
124,Day_2,2,0
125,Day_2,1,1
125,Day_2,2,0
126,Day_2,1,1
126,Day_2,2,0
127,Day_2,1,1
127,Day_2,2,0
128,Day_2,1,1
128,Day_2,2,0
129,Day_2,1,1
129,Day_2,2,0
130,Day_2,1,1
130,Day_2,2,0
131,Day_2,1,1
131,Day_2,2,0
132,Day_2,1,1
132,Day_2,2,0
133,Day_2,1,1
133,Day_2,2,0
134,Day_2,1,1
134,Day_2,2,0
135,Day_2,1,1
135,Day_2,2,0
136,Day_2,1,1
136,Day_2,2,0
137,Day_2,1,1
137,Day_2,2,0
138,Day_2,1,1
138,Day_2,2,0
139,Day_2,1,1
139,Day_2,2,0
140,Day_2,1,1
140,Day_2,2,0
141,Day_2,1,1
141,Day_2,2,0
142,Day_2,1,1
142,Day_2,2,0
143,Day_2,1,1
143,Day_2,2,0
144,Day_2,1,1
144,Day_2,2,0
145,Day_2,1,1
145,Day_2,2,0
146,Day_2,1,1
146,Day_2,2,0
147,Day_2,1,1
147,Day_2,2,0
148,Day_2,1,1
148,Day_2,2,0
149,Day_2,1,0
150,Day_2,1,0
151,Day_2,1,0
152,Day_2,1,0
153,Day_2,1,0
154,Day_2,1,0
155,Day_2,1,0
156,Day_2,1,0
157,Day_2,1,0
158,Day_2,1,0
159,Day_2,1,0
160,Day_2,1,0
161,Day_2,1,0
162,Day_2,1,0
163,Day_2,1,0
164,Day_2,1,0
165,Day_2,1,0
166,Day_2,1,0
167,Day_2,1,0
168,Day_2,1,0
169,Day_2,1,0
170,Day_2,1,0
171,Day_2,1,0
172,Day_2,1,0
173,Day_2,1,0
174,Day_2,1,0
175,Day_2,1,0
176,Day_2,1,0
177,Day_2,1,0
178,Day_2,1,0
179,Day_2,1,0
180,Day_2,1,0
181,Day_2,1,0
182,Day_2,1,0
183,Day_3,1,1
183,Day_3,2,1
183,Day_3,3,1
183,Day_3,4,1
183,Day_3,5,1
183,Day_3,6,0
184,Day_3,1,1
184,Day_3,2,1
184,Day_3,3,1
184,Day_3,4,1
184,Day_3,5,0
185,Day_3,1,1
185,Day_3,2,1
185,Day_3,3,1
185,Day_3,4,1
185,Day_3,5,0
186,Day_3,1,1
186,Day_3,2,1
186,Day_3,3,1
186,Day_3,4,0
187,Day_3,1,1
187,Day_3,2,1
187,Day_3,3,1
187,Day_3,4,0
188,Day_3,1,1
188,Day_3,2,1
188,Day_3,3,1
188,Day_3,4,0
189,Day_3,1,1
189,Day_3,2,1
189,Day_3,3,1
189,Day_3,4,0
190,Day_3,1,1
190,Day_3,2,1
190,Day_3,3,1
190,Day_3,4,0
191,Day_3,1,1
191,Day_3,2,1
191,Day_3,3,1
191,Day_3,4,0
192,Day_3,1,1
192,Day_3,2,1
192,Day_3,3,1
192,Day_3,4,0
193,Day_3,1,1
193,Day_3,2,1
193,Day_3,3,1
193,Day_3,4,0
194,Day_3,1,1
194,Day_3,2,1
194,Day_3,3,1
194,Day_3,4,0
195,Day_3,1,1
195,Day_3,2,1
195,Day_3,3,1
195,Day_3,4,0
196,Day_3,1,1
196,Day_3,2,1
196,Day_3,3,1
196,Day_3,4,0
197,Day_3,1,1
197,Day_3,2,1
197,Day_3,3,1
197,Day_3,4,0
198,Day_3,1,1
198,Day_3,2,1
198,Day_3,3,1
198,Day_3,4,0
199,Day_3,1,1
199,Day_3,2,1
199,Day_3,3,1
199,Day_3,4,0
200,Day_3,1,1
200,Day_3,2,1
200,Day_3,3,1
200,Day_3,4,0
201,Day_3,1,1
201,Day_3,2,1
201,Day_3,3,1
201,Day_3,4,0
202,Day_3,1,1
202,Day_3,2,1
202,Day_3,3,1
202,Day_3,4,0
203,Day_3,1,1
203,Day_3,2,1
203,Day_3,3,1
203,Day_3,4,0
204,Day_3,1,1
204,Day_3,2,1
204,Day_3,3,1
204,Day_3,4,0
205,Day_3,1,1
205,Day_3,2,1
205,Day_3,3,1
205,Day_3,4,0
206,Day_3,1,1
206,Day_3,2,1
206,Day_3,3,0
207,Day_3,1,1
207,Day_3,2,1
207,Day_3,3,0
208,Day_3,1,1
208,Day_3,2,1
208,Day_3,3,0
209,Day_3,1,1
209,Day_3,2,1
209,Day_3,3,0
210,Day_3,1,1
210,Day_3,2,1
210,Day_3,3,0
211,Day_3,1,1
211,Day_3,2,1
211,Day_3,3,0
212,Day_3,1,1
212,Day_3,2,1
212,Day_3,3,0
213,Day_3,1,1
213,Day_3,2,1
213,Day_3,3,0
214,Day_3,1,1
214,Day_3,2,1
214,Day_3,3,0
215,Day_3,1,1
215,Day_3,2,0
216,Day_3,1,1
216,Day_3,2,0
217,Day_3,1,1
217,Day_3,2,0
218,Day_3,1,1
218,Day_3,2,0
219,Day_3,1,1
219,Day_3,2,0
220,Day_3,1,1
220,Day_3,2,0
221,Day_3,1,1
221,Day_3,2,0
222,Day_3,1,1
222,Day_3,2,0
223,Day_3,1,1
223,Day_3,2,0
224,Day_3,1,1
224,Day_3,2,0
225,Day_3,1,1
225,Day_3,2,0
226,Day_3,1,1
226,Day_3,2,0
227,Day_3,1,1
227,Day_3,2,0
228,Day_3,1,1
228,Day_3,2,0
229,Day_3,1,1
229,Day_3,2,0
230,Day_3,1,1
230,Day_3,2,0
231,Day_3,1,1
231,Day_3,2,0
232,Day_3,1,1
232,Day_3,2,0
233,Day_3,1,1
233,Day_3,2,0
234,Day_3,1,1
234,Day_3,2,0
235,Day_3,1,1
235,Day_3,2,0
236,Day_3,1,1
236,Day_3,2,0
237,Day_3,1,1
237,Day_3,2,0
238,Day_3,1,1
238,Day_3,2,0
239,Day_3,1,1
239,Day_3,2,0
240,Day_3,1,1
240,Day_3,2,0
241,Day_3,1,1
241,Day_3,2,0
242,Day_3,1,1
242,Day_3,2,0
243,Day_3,1,1
243,Day_3,2,0
244,Day_3,1,1
244,Day_3,2,0
245,Day_3,1,1
245,Day_3,2,0
246,Day_3,1,1
246,Day_3,2,0
247,Day_3,1,1
247,Day_3,2,0
248,Day_3,1,1
248,Day_3,2,0
249,Day_3,1,0
250,Day_3,1,0
251,Day_3,1,0
252,Day_3,1,0
253,Day_3,1,0
254,Day_3,1,0
255,Day_3,1,0
256,Day_3,1,0
257,Day_3,1,0
258,Day_3,1,0
259,Day_3,1,0
260,Day_3,1,0
261,Day_3,1,0
262,Day_3,1,0
263,Day_3,1,0
264,Day_3,1,0
265,Day_3,1,0
266,Day_3,1,0
267,Day_3,1,0
268,Day_3,1,0
269,Day_3,1,0
270,Day_3,1,0
271,Day_3,1,0
272,Day_3,1,0
273,Day_3,1,0
274,Day_3,1,0
275,Day_3,1,0
276,Day_3,1,0
277,Day_3,1,0
278,Day_3,1,0
279,Day_3,1,0
280,Day_3,1,0
281,Day_3,1,0
282,Day_3,1,0
283,Day_3,1,0
284,Day_3,1,0
285,Day_3,1,0
286,Day_3,1,0
287,Day_3,1,0
288,Day_3,1,0
289,Day_3,1,0
290,Day_3,1,0
291,Day_3,1,0
292,Day_3,1,0
293,Day_3,1,0
294,Day_3,1,0
295,Day_3,1,0
296,Day_3,1,0
297,Day_4,1,1
297,Day_4,2,1
297,Day_4,3,1
297,Day_4,4,1
297,Day_4,5,1
297,Day_4,6,0
298,Day_4,1,1
298,Day_4,2,1
298,Day_4,3,1
298,Day_4,4,1
298,Day_4,5,0
299,Day_4,1,1
299,Day_4,2,1
299,Day_4,3,1
299,Day_4,4,0
300,Day_4,1,1
300,Day_4,2,1
300,Day_4,3,1
300,Day_4,4,0
301,Day_4,1,1
301,Day_4,2,1
301,Day_4,3,1
301,Day_4,4,0
302,Day_4,1,1
302,Day_4,2,1
302,Day_4,3,1
302,Day_4,4,0
303,Day_4,1,1
303,Day_4,2,1
303,Day_4,3,1
303,Day_4,4,0
304,Day_4,1,1
304,Day_4,2,1
304,Day_4,3,1
304,Day_4,4,0
305,Day_4,1,1
305,Day_4,2,1
305,Day_4,3,1
305,Day_4,4,0
306,Day_4,1,1
306,Day_4,2,1
306,Day_4,3,1
306,Day_4,4,0
307,Day_4,1,1
307,Day_4,2,1
307,Day_4,3,1
307,Day_4,4,0
308,Day_4,1,1
308,Day_4,2,1
308,Day_4,3,1
308,Day_4,4,0
309,Day_4,1,1
309,Day_4,2,1
309,Day_4,3,1
309,Day_4,4,0
310,Day_4,1,1
310,Day_4,2,1
310,Day_4,3,1
310,Day_4,4,0
311,Day_4,1,1
311,Day_4,2,1
311,Day_4,3,1
311,Day_4,4,0
312,Day_4,1,1
312,Day_4,2,1
312,Day_4,3,1
312,Day_4,4,0
313,Day_4,1,1
313,Day_4,2,1
313,Day_4,3,1
313,Day_4,4,0
314,Day_4,1,1
314,Day_4,2,1
314,Day_4,3,1
314,Day_4,4,0
315,Day_4,1,1
315,Day_4,2,1
315,Day_4,3,1
315,Day_4,4,0
316,Day_4,1,1
316,Day_4,2,1
316,Day_4,3,1
316,Day_4,4,0
317,Day_4,1,1
317,Day_4,2,1
317,Day_4,3,1
317,Day_4,4,0
318,Day_4,1,1
318,Day_4,2,1
318,Day_4,3,1
318,Day_4,4,0
319,Day_4,1,1
319,Day_4,2,1
319,Day_4,3,1
319,Day_4,4,0
320,Day_4,1,1
320,Day_4,2,1
320,Day_4,3,1
320,Day_4,4,0
321,Day_4,1,1
321,Day_4,2,1
321,Day_4,3,1
321,Day_4,4,0
322,Day_4,1,1
322,Day_4,2,1
322,Day_4,3,1
322,Day_4,4,0
323,Day_4,1,1
323,Day_4,2,1
323,Day_4,3,1
323,Day_4,4,0
324,Day_4,1,1
324,Day_4,2,1
324,Day_4,3,1
324,Day_4,4,0
325,Day_4,1,1
325,Day_4,2,1
325,Day_4,3,1
325,Day_4,4,0
326,Day_4,1,1
326,Day_4,2,1
326,Day_4,3,1
326,Day_4,4,0
327,Day_4,1,1
327,Day_4,2,1
327,Day_4,3,1
327,Day_4,4,0
328,Day_4,1,1
328,Day_4,2,1
328,Day_4,3,0
329,Day_4,1,1
329,Day_4,2,1
329,Day_4,3,0
330,Day_4,1,1
330,Day_4,2,1
330,Day_4,3,0
331,Day_4,1,1
331,Day_4,2,1
331,Day_4,3,0
332,Day_4,1,1
332,Day_4,2,0
333,Day_4,1,1
333,Day_4,2,0
334,Day_4,1,1
334,Day_4,2,0
335,Day_4,1,1
335,Day_4,2,0
336,Day_4,1,1
336,Day_4,2,0
337,Day_4,1,1
337,Day_4,2,0
338,Day_4,1,1
338,Day_4,2,0
339,Day_4,1,1
339,Day_4,2,0
340,Day_4,1,1
340,Day_4,2,0
341,Day_4,1,1
341,Day_4,2,0
342,Day_4,1,1
342,Day_4,2,0
343,Day_4,1,0
344,Day_4,1,0
345,Day_4,1,0
346,Day_4,1,0
347,Day_4,1,0
348,Day_4,1,0
349,Day_4,1,0
350,Day_4,1,0
351,Day_4,1,0
352,Day_4,1,0
353,Day_4,1,0
354,Day_4,1,0
355,Day_4,1,0
356,Day_4,1,0
357,Day_4,1,0
358,Day_4,1,0
359,Day_4,1,0
360,Day_4,1,0
361,Day_4,1,0
362,Day_4,1,0
363,Day_4,1,0
364,Day_4,1,0
365,Day_4,1,0
366,Day_4,1,0
367,Day_4,1,0
368,Day_4,1,0
369,Day_4,1,0
370,Day_4,1,0
371,Day_4,1,0
372,Day_4,1,0
373,Day_4,1,0
374,Day_4,1,0
375,Day_5,1,1
375,Day_5,2,1
375,Day_5,3,1
375,Day_5,4,1
375,Day_5,5,1
375,Day_5,6,1
375,Day_5,7,1
375,Day_5,8,0
376,Day_5,1,1
376,Day_5,2,1
376,Day_5,3,1
376,Day_5,4,1
376,Day_5,5,1
376,Day_5,6,0
377,Day_5,1,1
377,Day_5,2,1
377,Day_5,3,1
377,Day_5,4,1
377,Day_5,5,0
378,Day_5,1,1
378,Day_5,2,1
378,Day_5,3,1
378,Day_5,4,1
378,Day_5,5,0
379,Day_5,1,1
379,Day_5,2,1
379,Day_5,3,1
379,Day_5,4,1
379,Day_5,5,0
380,Day_5,1,1
380,Day_5,2,1
380,Day_5,3,1
380,Day_5,4,1
380,Day_5,5,0
381,Day_5,1,1
381,Day_5,2,1
381,Day_5,3,1
381,Day_5,4,1
381,Day_5,5,0
382,Day_5,1,1
382,Day_5,2,1
382,Day_5,3,1
382,Day_5,4,1
382,Day_5,5,0
383,Day_5,1,1
383,Day_5,2,1
383,Day_5,3,1
383,Day_5,4,0
384,Day_5,1,1
384,Day_5,2,1
384,Day_5,3,1
384,Day_5,4,0
385,Day_5,1,1
385,Day_5,2,1
385,Day_5,3,1
385,Day_5,4,0
386,Day_5,1,1
386,Day_5,2,1
386,Day_5,3,1
386,Day_5,4,0
387,Day_5,1,1
387,Day_5,2,1
387,Day_5,3,1
387,Day_5,4,0
388,Day_5,1,1
388,Day_5,2,1
388,Day_5,3,1
388,Day_5,4,0
389,Day_5,1,1
389,Day_5,2,1
389,Day_5,3,1
389,Day_5,4,0
390,Day_5,1,1
390,Day_5,2,1
390,Day_5,3,1
390,Day_5,4,0
391,Day_5,1,1
391,Day_5,2,1
391,Day_5,3,1
391,Day_5,4,0
392,Day_5,1,1
392,Day_5,2,1
392,Day_5,3,1
392,Day_5,4,0
393,Day_5,1,1
393,Day_5,2,1
393,Day_5,3,1
393,Day_5,4,0
394,Day_5,1,1
394,Day_5,2,1
394,Day_5,3,1
394,Day_5,4,0
395,Day_5,1,1
395,Day_5,2,1
395,Day_5,3,1
395,Day_5,4,0
396,Day_5,1,1
396,Day_5,2,1
396,Day_5,3,1
396,Day_5,4,0
397,Day_5,1,1
397,Day_5,2,1
397,Day_5,3,1
397,Day_5,4,0
398,Day_5,1,1
398,Day_5,2,1
398,Day_5,3,1
398,Day_5,4,0
399,Day_5,1,1
399,Day_5,2,1
399,Day_5,3,1
399,Day_5,4,0
400,Day_5,1,1
400,Day_5,2,1
400,Day_5,3,1
400,Day_5,4,0
401,Day_5,1,1
401,Day_5,2,1
401,Day_5,3,1
401,Day_5,4,0
402,Day_5,1,1
402,Day_5,2,1
402,Day_5,3,1
402,Day_5,4,0
403,Day_5,1,1
403,Day_5,2,1
403,Day_5,3,1
403,Day_5,4,0
404,Day_5,1,1
404,Day_5,2,1
404,Day_5,3,1
404,Day_5,4,0
405,Day_5,1,1
405,Day_5,2,1
405,Day_5,3,1
405,Day_5,4,0
406,Day_5,1,1
406,Day_5,2,1
406,Day_5,3,1
406,Day_5,4,0
407,Day_5,1,1
407,Day_5,2,1
407,Day_5,3,1
407,Day_5,4,0
408,Day_5,1,1
408,Day_5,2,1
408,Day_5,3,1
408,Day_5,4,0
409,Day_5,1,1
409,Day_5,2,1
409,Day_5,3,1
409,Day_5,4,0
410,Day_5,1,1
410,Day_5,2,1
410,Day_5,3,1
410,Day_5,4,0
411,Day_5,1,1
411,Day_5,2,1
411,Day_5,3,1
411,Day_5,4,0
412,Day_5,1,1
412,Day_5,2,1
412,Day_5,3,1
412,Day_5,4,0
413,Day_5,1,1
413,Day_5,2,1
413,Day_5,3,1
413,Day_5,4,0
414,Day_5,1,1
414,Day_5,2,1
414,Day_5,3,1
414,Day_5,4,0
415,Day_5,1,1
415,Day_5,2,1
415,Day_5,3,1
415,Day_5,4,0
416,Day_5,1,1
416,Day_5,2,1
416,Day_5,3,1
416,Day_5,4,0
417,Day_5,1,1
417,Day_5,2,1
417,Day_5,3,1
417,Day_5,4,0
418,Day_5,1,1
418,Day_5,2,1
418,Day_5,3,1
418,Day_5,4,0
419,Day_5,1,1
419,Day_5,2,1
419,Day_5,3,1
419,Day_5,4,0
420,Day_5,1,1
420,Day_5,2,1
420,Day_5,3,0
421,Day_5,1,1
421,Day_5,2,1
421,Day_5,3,0
422,Day_5,1,1
422,Day_5,2,1
422,Day_5,3,0
423,Day_5,1,1
423,Day_5,2,1
423,Day_5,3,0
424,Day_5,1,1
424,Day_5,2,1
424,Day_5,3,0
425,Day_5,1,1
425,Day_5,2,1
425,Day_5,3,0
426,Day_5,1,1
426,Day_5,2,1
426,Day_5,3,0
427,Day_5,1,1
427,Day_5,2,1
427,Day_5,3,0
428,Day_5,1,1
428,Day_5,2,1
428,Day_5,3,0
429,Day_5,1,1
429,Day_5,2,1
429,Day_5,3,0
430,Day_5,1,1
430,Day_5,2,1
430,Day_5,3,0
431,Day_5,1,1
431,Day_5,2,1
431,Day_5,3,0
432,Day_5,1,1
432,Day_5,2,1
432,Day_5,3,0
433,Day_5,1,1
433,Day_5,2,1
433,Day_5,3,0
434,Day_5,1,1
434,Day_5,2,1
434,Day_5,3,0
435,Day_5,1,1
435,Day_5,2,1
435,Day_5,3,0
436,Day_5,1,1
436,Day_5,2,1
436,Day_5,3,0
437,Day_5,1,1
437,Day_5,2,1
437,Day_5,3,0
438,Day_5,1,1
438,Day_5,2,0
439,Day_5,1,1
439,Day_5,2,0
440,Day_5,1,1
440,Day_5,2,0
441,Day_5,1,1
441,Day_5,2,0
442,Day_5,1,1
442,Day_5,2,0
443,Day_5,1,1
443,Day_5,2,0
444,Day_5,1,1
444,Day_5,2,0
445,Day_5,1,1
445,Day_5,2,0
446,Day_5,1,1
446,Day_5,2,0
447,Day_5,1,1
447,Day_5,2,0
448,Day_5,1,1
448,Day_5,2,0
449,Day_5,1,1
449,Day_5,2,0
450,Day_5,1,1
450,Day_5,2,0
451,Day_5,1,1
451,Day_5,2,0
452,Day_5,1,1
452,Day_5,2,0
453,Day_5,1,1
453,Day_5,2,0
454,Day_5,1,1
454,Day_5,2,0
455,Day_5,1,1
455,Day_5,2,0
456,Day_5,1,1
456,Day_5,2,0
457,Day_5,1,1
457,Day_5,2,0
458,Day_5,1,1
458,Day_5,2,0
459,Day_5,1,1
459,Day_5,2,0
460,Day_5,1,1
460,Day_5,2,0
461,Day_5,1,1
461,Day_5,2,0
462,Day_5,1,1
462,Day_5,2,0
463,Day_5,1,0
464,Day_5,1,0
465,Day_5,1,0
466,Day_5,1,0
467,Day_5,1,0
468,Day_5,1,0
469,Day_5,1,0
470,Day_5,1,0
471,Day_5,1,0
472,Day_5,1,0
473,Day_5,1,0
474,Day_5,1,0
475,Day_5,1,0
476,Day_5,1,0
477,Day_5,1,0
478,Day_5,1,0
479,Day_5,1,0
480,Day_5,1,0
481,Day_5,1,0
482,Day_5,1,0
483,Day_5,1,0
484,Day_5,1,0
485,Day_5,1,0
486,Day_5,1,0
487,Day_5,1,0
488,Day_5,1,0
489,Day_5,1,0
490,Day_5,1,0
491,Day_5,1,0
492,Day_5,1,0
493,Day_5,1,0
494,Day_5,1,0
495,Day_5,1,0
496,Day_5,1,0
497,Day_5,1,0
498,Day_5,1,0
499,Day_5,1,0
500,Day_5,1,0
501,Day_5,1,0
502,Day_5,1,0
503,Day_5,1,0
504,Day_5,1,0
505,Day_5,1,0
506,Day_5,1,0
507,Day_5,1,0
508,Day_5,1,0
509,Day_5,1,0
510,Day_5,1,0
511,Day_5,1,0
512,Day_5,1,0
513,Day_5,1,0
514,Day_5,1,0
515,Day_5,1,0
516,Day_5,1,0
517,Day_5,1,0
518,Day_5,1,0
519,Day_5,1,0
520,Day_5,1,0
521,Day_5,1,0
522,Day_5,1,0
523,Day_5,1,0
524,Day_5,1,0
525,Day_5,1,0
526,Day_6,1,1
526,Day_6,2,1
526,Day_6,3,1
526,Day_6,4,1
526,Day_6,5,1
526,Day_6,6,1
526,Day_6,7,1
526,Day_6,8,0
527,Day_6,1,1
527,Day_6,2,1
527,Day_6,3,1
527,Day_6,4,0
528,Day_6,1,1
528,Day_6,2,1
528,Day_6,3,1
528,Day_6,4,0
529,Day_6,1,1
529,Day_6,2,1
529,Day_6,3,1
529,Day_6,4,0
530,Day_6,1,1
530,Day_6,2,1
530,Day_6,3,1
530,Day_6,4,0
531,Day_6,1,1
531,Day_6,2,1
531,Day_6,3,1
531,Day_6,4,0
532,Day_6,1,1
532,Day_6,2,1
532,Day_6,3,1
532,Day_6,4,0
533,Day_6,1,1
533,Day_6,2,1
533,Day_6,3,1
533,Day_6,4,0
534,Day_6,1,1
534,Day_6,2,1
534,Day_6,3,1
534,Day_6,4,0
535,Day_6,1,1
535,Day_6,2,1
535,Day_6,3,1
535,Day_6,4,0
536,Day_6,1,1
536,Day_6,2,1
536,Day_6,3,1
536,Day_6,4,0
537,Day_6,1,1
537,Day_6,2,1
537,Day_6,3,1
537,Day_6,4,0
538,Day_6,1,1
538,Day_6,2,1
538,Day_6,3,1
538,Day_6,4,0
539,Day_6,1,1
539,Day_6,2,1
539,Day_6,3,1
539,Day_6,4,0
540,Day_6,1,1
540,Day_6,2,1
540,Day_6,3,1
540,Day_6,4,0
541,Day_6,1,1
541,Day_6,2,1
541,Day_6,3,1
541,Day_6,4,0
542,Day_6,1,1
542,Day_6,2,1
542,Day_6,3,1
542,Day_6,4,0
543,Day_6,1,1
543,Day_6,2,1
543,Day_6,3,1
543,Day_6,4,0
544,Day_6,1,1
544,Day_6,2,1
544,Day_6,3,1
544,Day_6,4,0
545,Day_6,1,1
545,Day_6,2,1
545,Day_6,3,1
545,Day_6,4,0
546,Day_6,1,1
546,Day_6,2,1
546,Day_6,3,1
546,Day_6,4,0
547,Day_6,1,1
547,Day_6,2,1
547,Day_6,3,1
547,Day_6,4,0
548,Day_6,1,1
548,Day_6,2,1
548,Day_6,3,1
548,Day_6,4,0
549,Day_6,1,1
549,Day_6,2,1
549,Day_6,3,1
549,Day_6,4,0
550,Day_6,1,1
550,Day_6,2,1
550,Day_6,3,1
550,Day_6,4,0
551,Day_6,1,1
551,Day_6,2,1
551,Day_6,3,0
552,Day_6,1,1
552,Day_6,2,1
552,Day_6,3,0
553,Day_6,1,1
553,Day_6,2,1
553,Day_6,3,0
554,Day_6,1,1
554,Day_6,2,0
555,Day_6,1,1
555,Day_6,2,0
556,Day_6,1,1
556,Day_6,2,0
557,Day_6,1,1
557,Day_6,2,0
558,Day_6,1,1
558,Day_6,2,0
559,Day_6,1,1
559,Day_6,2,0
560,Day_6,1,1
560,Day_6,2,0
561,Day_6,1,1
561,Day_6,2,0
562,Day_6,1,1
562,Day_6,2,0
563,Day_6,1,1
563,Day_6,2,0
564,Day_6,1,1
564,Day_6,2,0
565,Day_6,1,1
565,Day_6,2,0
566,Day_6,1,1
566,Day_6,2,0
567,Day_6,1,1
567,Day_6,2,0
568,Day_6,1,1
568,Day_6,2,0
569,Day_6,1,1
569,Day_6,2,0
570,Day_6,1,0
571,Day_6,1,0
572,Day_6,1,0
573,Day_6,1,0
574,Day_6,1,0
575,Day_6,1,0
576,Day_6,1,0
577,Day_6,1,0
578,Day_6,1,0
579,Day_6,1,0
580,Day_6,1,0
581,Day_6,1,0
582,Day_6,1,0
583,Day_6,1,0
584,Day_6,1,0
585,Day_6,1,0
586,Day_6,1,0
587,Day_6,1,0
588,Day_6,1,0
589,Day_6,1,0
590,Day_6,1,0
591,Day_6,1,0
592,Day_6,1,0
593,Day_6,1,0
594,Day_6,1,0
595,Day_6,1,0
596,Day_6,1,0
597,Day_6,1,0
598,Day_6,1,0
599,Day_6,1,0
600,Day_6,1,0
601,Day_6,1,0
602,Day_6,1,0
603,Day_6,1,0
604,Day_6,1,0
605,Day_7,1,1
605,Day_7,2,1
605,Day_7,3,1
605,Day_7,4,1
605,Day_7,5,1
605,Day_7,6,0
606,Day_7,1,1
606,Day_7,2,1
606,Day_7,3,1
606,Day_7,4,1
606,Day_7,5,0
607,Day_7,1,1
607,Day_7,2,1
607,Day_7,3,1
607,Day_7,4,1
607,Day_7,5,0
608,Day_7,1,1
608,Day_7,2,1
608,Day_7,3,1
608,Day_7,4,1
608,Day_7,5,0
609,Day_7,1,1
609,Day_7,2,1
609,Day_7,3,1
609,Day_7,4,0
610,Day_7,1,1
610,Day_7,2,1
610,Day_7,3,1
610,Day_7,4,0
611,Day_7,1,1
611,Day_7,2,1
611,Day_7,3,1
611,Day_7,4,0
612,Day_7,1,1
612,Day_7,2,1
612,Day_7,3,1
612,Day_7,4,0
613,Day_7,1,1
613,Day_7,2,1
613,Day_7,3,1
613,Day_7,4,0
614,Day_7,1,1
614,Day_7,2,1
614,Day_7,3,1
614,Day_7,4,0
615,Day_7,1,1
615,Day_7,2,1
615,Day_7,3,1
615,Day_7,4,0
616,Day_7,1,1
616,Day_7,2,1
616,Day_7,3,1
616,Day_7,4,0
617,Day_7,1,1
617,Day_7,2,1
617,Day_7,3,1
617,Day_7,4,0
618,Day_7,1,1
618,Day_7,2,1
618,Day_7,3,1
618,Day_7,4,0
619,Day_7,1,1
619,Day_7,2,1
619,Day_7,3,1
619,Day_7,4,0
620,Day_7,1,1
620,Day_7,2,1
620,Day_7,3,1
620,Day_7,4,0
621,Day_7,1,1
621,Day_7,2,1
621,Day_7,3,1
621,Day_7,4,0
622,Day_7,1,1
622,Day_7,2,1
622,Day_7,3,1
622,Day_7,4,0
623,Day_7,1,1
623,Day_7,2,1
623,Day_7,3,1
623,Day_7,4,0
624,Day_7,1,1
624,Day_7,2,1
624,Day_7,3,1
624,Day_7,4,0
625,Day_7,1,1
625,Day_7,2,1
625,Day_7,3,1
625,Day_7,4,0
626,Day_7,1,1
626,Day_7,2,1
626,Day_7,3,1
626,Day_7,4,0
627,Day_7,1,1
627,Day_7,2,1
627,Day_7,3,1
627,Day_7,4,0
628,Day_7,1,1
628,Day_7,2,1
628,Day_7,3,1
628,Day_7,4,0
629,Day_7,1,1
629,Day_7,2,1
629,Day_7,3,1
629,Day_7,4,0
630,Day_7,1,1
630,Day_7,2,1
630,Day_7,3,1
630,Day_7,4,0
631,Day_7,1,1
631,Day_7,2,1
631,Day_7,3,1
631,Day_7,4,0
632,Day_7,1,1
632,Day_7,2,1
632,Day_7,3,1
632,Day_7,4,0
633,Day_7,1,1
633,Day_7,2,1
633,Day_7,3,1
633,Day_7,4,0
634,Day_7,1,1
634,Day_7,2,1
634,Day_7,3,1
634,Day_7,4,0
635,Day_7,1,1
635,Day_7,2,1
635,Day_7,3,1
635,Day_7,4,0
636,Day_7,1,1
636,Day_7,2,1
636,Day_7,3,1
636,Day_7,4,0
637,Day_7,1,1
637,Day_7,2,1
637,Day_7,3,1
637,Day_7,4,0
638,Day_7,1,1
638,Day_7,2,1
638,Day_7,3,1
638,Day_7,4,0
639,Day_7,1,1
639,Day_7,2,1
639,Day_7,3,1
639,Day_7,4,0
640,Day_7,1,1
640,Day_7,2,1
640,Day_7,3,1
640,Day_7,4,0
641,Day_7,1,1
641,Day_7,2,1
641,Day_7,3,0
642,Day_7,1,1
642,Day_7,2,1
642,Day_7,3,0
643,Day_7,1,1
643,Day_7,2,1
643,Day_7,3,0
644,Day_7,1,1
644,Day_7,2,1
644,Day_7,3,0
645,Day_7,1,1
645,Day_7,2,1
645,Day_7,3,0
646,Day_7,1,1
646,Day_7,2,1
646,Day_7,3,0
647,Day_7,1,1
647,Day_7,2,1
647,Day_7,3,0
648,Day_7,1,1
648,Day_7,2,1
648,Day_7,3,0
649,Day_7,1,1
649,Day_7,2,0
650,Day_7,1,1
650,Day_7,2,0
651,Day_7,1,1
651,Day_7,2,0
652,Day_7,1,1
652,Day_7,2,0
653,Day_7,1,1
653,Day_7,2,0
654,Day_7,1,1
654,Day_7,2,0
655,Day_7,1,1
655,Day_7,2,0
656,Day_7,1,1
656,Day_7,2,0
657,Day_7,1,1
657,Day_7,2,0
658,Day_7,1,1
658,Day_7,2,0
659,Day_7,1,1
659,Day_7,2,0
660,Day_7,1,1
660,Day_7,2,0
661,Day_7,1,1
661,Day_7,2,0
662,Day_7,1,1
662,Day_7,2,0
663,Day_7,1,0
664,Day_7,1,0
665,Day_7,1,0
666,Day_7,1,0
667,Day_7,1,0
668,Day_7,1,0
669,Day_7,1,0
670,Day_7,1,0
671,Day_7,1,0
672,Day_7,1,0
673,Day_7,1,0
674,Day_7,1,0
675,Day_7,1,0
676,Day_7,1,0
677,Day_7,1,0
678,Day_7,1,0
679,Day_7,1,0
680,Day_7,1,0
681,Day_7,1,0
682,Day_7,1,0
683,Day_7,1,0
684,Day_7,1,0
685,Day_7,1,0
686,Day_7,1,0
687,Day_7,1,0
688,Day_7,1,0
689,Day_7,1,0
690,Day_7,1,0
691,Day_7,1,0
692,Day_8,1,1
692,Day_8,2,1
692,Day_8,3,1
692,Day_8,4,1
692,Day_8,5,1
692,Day_8,6,0
693,Day_8,1,1
693,Day_8,2,1
693,Day_8,3,1
693,Day_8,4,1
693,Day_8,5,1
693,Day_8,6,0
694,Day_8,1,1
694,Day_8,2,1
694,Day_8,3,1
694,Day_8,4,1
694,Day_8,5,1
694,Day_8,6,0
695,Day_8,1,1
695,Day_8,2,1
695,Day_8,3,1
695,Day_8,4,1
695,Day_8,5,1
695,Day_8,6,0
696,Day_8,1,1
696,Day_8,2,1
696,Day_8,3,1
696,Day_8,4,1
696,Day_8,5,1
696,Day_8,6,0
697,Day_8,1,1
697,Day_8,2,1
697,Day_8,3,1
697,Day_8,4,1
697,Day_8,5,0
698,Day_8,1,1
698,Day_8,2,1
698,Day_8,3,1
698,Day_8,4,0
699,Day_8,1,1
699,Day_8,2,1
699,Day_8,3,1
699,Day_8,4,0
700,Day_8,1,1
700,Day_8,2,1
700,Day_8,3,1
700,Day_8,4,0
701,Day_8,1,1
701,Day_8,2,1
701,Day_8,3,1
701,Day_8,4,0
702,Day_8,1,1
702,Day_8,2,1
702,Day_8,3,1
702,Day_8,4,0
703,Day_8,1,1
703,Day_8,2,1
703,Day_8,3,1
703,Day_8,4,0
704,Day_8,1,1
704,Day_8,2,1
704,Day_8,3,1
704,Day_8,4,0
705,Day_8,1,1
705,Day_8,2,1
705,Day_8,3,1
705,Day_8,4,0
706,Day_8,1,1
706,Day_8,2,1
706,Day_8,3,1
706,Day_8,4,0
707,Day_8,1,1
707,Day_8,2,1
707,Day_8,3,1
707,Day_8,4,0
708,Day_8,1,1
708,Day_8,2,1
708,Day_8,3,1
708,Day_8,4,0
709,Day_8,1,1
709,Day_8,2,1
709,Day_8,3,1
709,Day_8,4,0
710,Day_8,1,1
710,Day_8,2,1
710,Day_8,3,1
710,Day_8,4,0
711,Day_8,1,1
711,Day_8,2,1
711,Day_8,3,1
711,Day_8,4,0
712,Day_8,1,1
712,Day_8,2,1
712,Day_8,3,1
712,Day_8,4,0
713,Day_8,1,1
713,Day_8,2,1
713,Day_8,3,1
713,Day_8,4,0
714,Day_8,1,1
714,Day_8,2,1
714,Day_8,3,1
714,Day_8,4,0
715,Day_8,1,1
715,Day_8,2,1
715,Day_8,3,1
715,Day_8,4,0
716,Day_8,1,1
716,Day_8,2,1
716,Day_8,3,1
716,Day_8,4,0
717,Day_8,1,1
717,Day_8,2,1
717,Day_8,3,1
717,Day_8,4,0
718,Day_8,1,1
718,Day_8,2,1
718,Day_8,3,1
718,Day_8,4,0
719,Day_8,1,1
719,Day_8,2,1
719,Day_8,3,1
719,Day_8,4,0
720,Day_8,1,1
720,Day_8,2,1
720,Day_8,3,1
720,Day_8,4,0
721,Day_8,1,1
721,Day_8,2,1
721,Day_8,3,1
721,Day_8,4,0
722,Day_8,1,1
722,Day_8,2,1
722,Day_8,3,1
722,Day_8,4,0
723,Day_8,1,1
723,Day_8,2,1
723,Day_8,3,1
723,Day_8,4,0
724,Day_8,1,1
724,Day_8,2,1
724,Day_8,3,1
724,Day_8,4,0
725,Day_8,1,1
725,Day_8,2,1
725,Day_8,3,1
725,Day_8,4,0
726,Day_8,1,1
726,Day_8,2,1
726,Day_8,3,1
726,Day_8,4,0
727,Day_8,1,1
727,Day_8,2,1
727,Day_8,3,1
727,Day_8,4,0
728,Day_8,1,1
728,Day_8,2,1
728,Day_8,3,1
728,Day_8,4,0
729,Day_8,1,1
729,Day_8,2,1
729,Day_8,3,1
729,Day_8,4,0
730,Day_8,1,1
730,Day_8,2,1
730,Day_8,3,1
730,Day_8,4,0
731,Day_8,1,1
731,Day_8,2,1
731,Day_8,3,1
731,Day_8,4,0
732,Day_8,1,1
732,Day_8,2,1
732,Day_8,3,1
732,Day_8,4,0
733,Day_8,1,1
733,Day_8,2,1
733,Day_8,3,1
733,Day_8,4,0
734,Day_8,1,1
734,Day_8,2,1
734,Day_8,3,1
734,Day_8,4,0
735,Day_8,1,1
735,Day_8,2,1
735,Day_8,3,1
735,Day_8,4,0
736,Day_8,1,1
736,Day_8,2,1
736,Day_8,3,1
736,Day_8,4,0
737,Day_8,1,1
737,Day_8,2,1
737,Day_8,3,1
737,Day_8,4,0
738,Day_8,1,1
738,Day_8,2,1
738,Day_8,3,1
738,Day_8,4,0
739,Day_8,1,1
739,Day_8,2,1
739,Day_8,3,1
739,Day_8,4,0
740,Day_8,1,1
740,Day_8,2,1
740,Day_8,3,0
741,Day_8,1,1
741,Day_8,2,1
741,Day_8,3,0
742,Day_8,1,1
742,Day_8,2,1
742,Day_8,3,0
743,Day_8,1,1
743,Day_8,2,1
743,Day_8,3,0
744,Day_8,1,1
744,Day_8,2,1
744,Day_8,3,0
745,Day_8,1,1
745,Day_8,2,1
745,Day_8,3,0
746,Day_8,1,1
746,Day_8,2,1
746,Day_8,3,0
747,Day_8,1,1
747,Day_8,2,0
748,Day_8,1,1
748,Day_8,2,0
749,Day_8,1,1
749,Day_8,2,0
750,Day_8,1,1
750,Day_8,2,0
751,Day_8,1,1
751,Day_8,2,0
752,Day_8,1,1
752,Day_8,2,0
753,Day_8,1,1
753,Day_8,2,0
754,Day_8,1,1
754,Day_8,2,0
755,Day_8,1,1
755,Day_8,2,0
756,Day_8,1,1
756,Day_8,2,0
757,Day_8,1,1
757,Day_8,2,0
758,Day_8,1,0
759,Day_8,1,0
760,Day_8,1,0
761,Day_8,1,0
762,Day_8,1,0
763,Day_8,1,0
764,Day_8,1,0
765,Day_8,1,0
766,Day_8,1,0
767,Day_8,1,0
768,Day_8,1,0
769,Day_8,1,0
770,Day_8,1,0
771,Day_8,1,0
772,Day_8,1,0
773,Day_8,1,0
774,Day_8,1,0
775,Day_8,1,0
776,Day_8,1,0
777,Day_8,1,0
778,Day_8,1,0
779,Day_8,1,0
780,Day_8,1,0
781,Day_8,1,0
782,Day_8,1,0
783,Day_8,1,0
784,Day_8,1,0
785,Day_8,1,0
786,Day_8,1,0
787,Day_8,1,0
788,Day_8,1,0
789,Day_8,1,0
790,Day_8,1,0
791,Day_8,1,0
792,Day_8,1,0
793,Day_8,1,0
794,Day_8,1,0
795,Day_8,1,0
796,Day_8,1,0
797,Day_8,1,0
798,Day_8,1,0
799,Day_8,1,0
800,Day_8,1,0
801,Day_9,1,1
801,Day_9,2,1
801,Day_9,3,1
801,Day_9,4,1
801,Day_9,5,1
801,Day_9,6,1
801,Day_9,7,0
802,Day_9,1,1
802,Day_9,2,1
802,Day_9,3,1
802,Day_9,4,1
802,Day_9,5,1
802,Day_9,6,0
803,Day_9,1,1
803,Day_9,2,1
803,Day_9,3,1
803,Day_9,4,1
803,Day_9,5,1
803,Day_9,6,0
804,Day_9,1,1
804,Day_9,2,1
804,Day_9,3,1
804,Day_9,4,1
804,Day_9,5,1
804,Day_9,6,0
805,Day_9,1,1
805,Day_9,2,1
805,Day_9,3,1
805,Day_9,4,1
805,Day_9,5,0
806,Day_9,1,1
806,Day_9,2,1
806,Day_9,3,1
806,Day_9,4,1
806,Day_9,5,0
807,Day_9,1,1
807,Day_9,2,1
807,Day_9,3,1
807,Day_9,4,0
808,Day_9,1,1
808,Day_9,2,1
808,Day_9,3,1
808,Day_9,4,0
809,Day_9,1,1
809,Day_9,2,1
809,Day_9,3,1
809,Day_9,4,0
810,Day_9,1,1
810,Day_9,2,1
810,Day_9,3,1
810,Day_9,4,0
811,Day_9,1,1
811,Day_9,2,1
811,Day_9,3,1
811,Day_9,4,0
812,Day_9,1,1
812,Day_9,2,1
812,Day_9,3,1
812,Day_9,4,0
813,Day_9,1,1
813,Day_9,2,1
813,Day_9,3,1
813,Day_9,4,0
814,Day_9,1,1
814,Day_9,2,1
814,Day_9,3,1
814,Day_9,4,0
815,Day_9,1,1
815,Day_9,2,1
815,Day_9,3,1
815,Day_9,4,0
816,Day_9,1,1
816,Day_9,2,1
816,Day_9,3,1
816,Day_9,4,0
817,Day_9,1,1
817,Day_9,2,1
817,Day_9,3,1
817,Day_9,4,0
818,Day_9,1,1
818,Day_9,2,1
818,Day_9,3,1
818,Day_9,4,0
819,Day_9,1,1
819,Day_9,2,1
819,Day_9,3,1
819,Day_9,4,0
820,Day_9,1,1
820,Day_9,2,1
820,Day_9,3,1
820,Day_9,4,0
821,Day_9,1,1
821,Day_9,2,1
821,Day_9,3,1
821,Day_9,4,0
822,Day_9,1,1
822,Day_9,2,1
822,Day_9,3,1
822,Day_9,4,0
823,Day_9,1,1
823,Day_9,2,1
823,Day_9,3,1
823,Day_9,4,0
824,Day_9,1,1
824,Day_9,2,1
824,Day_9,3,1
824,Day_9,4,0
825,Day_9,1,1
825,Day_9,2,1
825,Day_9,3,1
825,Day_9,4,0
826,Day_9,1,1
826,Day_9,2,1
826,Day_9,3,1
826,Day_9,4,0
827,Day_9,1,1
827,Day_9,2,1
827,Day_9,3,1
827,Day_9,4,0
828,Day_9,1,1
828,Day_9,2,1
828,Day_9,3,1
828,Day_9,4,0
829,Day_9,1,1
829,Day_9,2,1
829,Day_9,3,1
829,Day_9,4,0
830,Day_9,1,1
830,Day_9,2,1
830,Day_9,3,1
830,Day_9,4,0
831,Day_9,1,1
831,Day_9,2,1
831,Day_9,3,1
831,Day_9,4,0
832,Day_9,1,1
832,Day_9,2,1
832,Day_9,3,1
832,Day_9,4,0
833,Day_9,1,1
833,Day_9,2,1
833,Day_9,3,1
833,Day_9,4,0
834,Day_9,1,1
834,Day_9,2,1
834,Day_9,3,1
834,Day_9,4,0
835,Day_9,1,1
835,Day_9,2,1
835,Day_9,3,1
835,Day_9,4,0
836,Day_9,1,1
836,Day_9,2,1
836,Day_9,3,1
836,Day_9,4,0
837,Day_9,1,1
837,Day_9,2,1
837,Day_9,3,0
838,Day_9,1,1
838,Day_9,2,1
838,Day_9,3,0
839,Day_9,1,1
839,Day_9,2,1
839,Day_9,3,0
840,Day_9,1,1
840,Day_9,2,1
840,Day_9,3,0
841,Day_9,1,1
841,Day_9,2,1
841,Day_9,3,0
842,Day_9,1,1
842,Day_9,2,1
842,Day_9,3,0
843,Day_9,1,1
843,Day_9,2,1
843,Day_9,3,0
844,Day_9,1,1
844,Day_9,2,0
845,Day_9,1,1
845,Day_9,2,0
846,Day_9,1,1
846,Day_9,2,0
847,Day_9,1,1
847,Day_9,2,0
848,Day_9,1,1
848,Day_9,2,0
849,Day_9,1,1
849,Day_9,2,0
850,Day_9,1,1
850,Day_9,2,0
851,Day_9,1,1
851,Day_9,2,0
852,Day_9,1,1
852,Day_9,2,0
853,Day_9,1,1
853,Day_9,2,0
854,Day_9,1,1
854,Day_9,2,0
855,Day_9,1,1
855,Day_9,2,0
856,Day_9,1,1
856,Day_9,2,0
857,Day_9,1,1
857,Day_9,2,0
858,Day_9,1,1
858,Day_9,2,0
859,Day_9,1,1
859,Day_9,2,0
860,Day_9,1,1
860,Day_9,2,0
861,Day_9,1,0
862,Day_9,1,0
863,Day_9,1,0
864,Day_9,1,0
865,Day_9,1,0
866,Day_9,1,0
867,Day_9,1,0
868,Day_9,1,0
869,Day_9,1,0
870,Day_9,1,0
871,Day_9,1,0
872,Day_9,1,0
873,Day_9,1,0
874,Day_9,1,0
875,Day_9,1,0
876,Day_9,1,0
877,Day_9,1,0
878,Day_9,1,0
879,Day_9,1,0
880,Day_9,1,0
881,Day_9,1,0
882,Day_9,1,0
883,Day_9,1,0
884,Day_9,1,0
885,Day_9,1,0
886,Day_9,1,0
887,Day_9,1,0
888,Day_9,1,0
889,Day_9,1,0
890,Day_9,1,0
891,Day_9,1,0
892,Day_9,1,0
893,Day_9,1,0
894,Day_9,1,0
895,Day_9,1,0
896,Day_9,1,0
897,Day_9,1,0
898,Day_9,1,0
899,Day_9,1,0
900,Day_9,1,0
901,Day_10,1,1
901,Day_10,2,1
901,Day_10,3,1
901,Day_10,4,1
901,Day_10,5,1
901,Day_10,6,1
901,Day_10,7,1
901,Day_10,8,0
902,Day_10,1,1
902,Day_10,2,1
902,Day_10,3,1
902,Day_10,4,1
902,Day_10,5,1
902,Day_10,6,1
902,Day_10,7,1
902,Day_10,8,0
903,Day_10,1,1
903,Day_10,2,1
903,Day_10,3,1
903,Day_10,4,1
903,Day_10,5,0
904,Day_10,1,1
904,Day_10,2,1
904,Day_10,3,1
904,Day_10,4,1
904,Day_10,5,0
905,Day_10,1,1
905,Day_10,2,1
905,Day_10,3,1
905,Day_10,4,0
906,Day_10,1,1
906,Day_10,2,1
906,Day_10,3,1
906,Day_10,4,0
907,Day_10,1,1
907,Day_10,2,1
907,Day_10,3,1
907,Day_10,4,0
908,Day_10,1,1
908,Day_10,2,1
908,Day_10,3,1
908,Day_10,4,0
909,Day_10,1,1
909,Day_10,2,1
909,Day_10,3,1
909,Day_10,4,0
910,Day_10,1,1
910,Day_10,2,1
910,Day_10,3,1
910,Day_10,4,0
911,Day_10,1,1
911,Day_10,2,1
911,Day_10,3,1
911,Day_10,4,0
912,Day_10,1,1
912,Day_10,2,1
912,Day_10,3,1
912,Day_10,4,0
913,Day_10,1,1
913,Day_10,2,1
913,Day_10,3,1
913,Day_10,4,0
914,Day_10,1,1
914,Day_10,2,1
914,Day_10,3,1
914,Day_10,4,0
915,Day_10,1,1
915,Day_10,2,1
915,Day_10,3,1
915,Day_10,4,0
916,Day_10,1,1
916,Day_10,2,1
916,Day_10,3,1
916,Day_10,4,0
917,Day_10,1,1
917,Day_10,2,1
917,Day_10,3,1
917,Day_10,4,0
918,Day_10,1,1
918,Day_10,2,1
918,Day_10,3,1
918,Day_10,4,0
919,Day_10,1,1
919,Day_10,2,1
919,Day_10,3,1
919,Day_10,4,0
920,Day_10,1,1
920,Day_10,2,1
920,Day_10,3,1
920,Day_10,4,0
921,Day_10,1,1
921,Day_10,2,1
921,Day_10,3,1
921,Day_10,4,0
922,Day_10,1,1
922,Day_10,2,1
922,Day_10,3,1
922,Day_10,4,0
923,Day_10,1,1
923,Day_10,2,1
923,Day_10,3,1
923,Day_10,4,0
924,Day_10,1,1
924,Day_10,2,1
924,Day_10,3,1
924,Day_10,4,0
925,Day_10,1,1
925,Day_10,2,1
925,Day_10,3,1
925,Day_10,4,0
926,Day_10,1,1
926,Day_10,2,1
926,Day_10,3,1
926,Day_10,4,0
927,Day_10,1,1
927,Day_10,2,1
927,Day_10,3,1
927,Day_10,4,0
928,Day_10,1,1
928,Day_10,2,1
928,Day_10,3,1
928,Day_10,4,0
929,Day_10,1,1
929,Day_10,2,1
929,Day_10,3,0
930,Day_10,1,1
930,Day_10,2,1
930,Day_10,3,0
931,Day_10,1,1
931,Day_10,2,1
931,Day_10,3,0
932,Day_10,1,1
932,Day_10,2,1
932,Day_10,3,0
933,Day_10,1,1
933,Day_10,2,1
933,Day_10,3,0
934,Day_10,1,1
934,Day_10,2,1
934,Day_10,3,0
935,Day_10,1,1
935,Day_10,2,1
935,Day_10,3,0
936,Day_10,1,1
936,Day_10,2,0
937,Day_10,1,1
937,Day_10,2,0
938,Day_10,1,1
938,Day_10,2,0
939,Day_10,1,1
939,Day_10,2,0
940,Day_10,1,1
940,Day_10,2,0
941,Day_10,1,1
941,Day_10,2,0
942,Day_10,1,1
942,Day_10,2,0
943,Day_10,1,1
943,Day_10,2,0
944,Day_10,1,1
944,Day_10,2,0
945,Day_10,1,1
945,Day_10,2,0
946,Day_10,1,1
946,Day_10,2,0
947,Day_10,1,1
947,Day_10,2,0
948,Day_10,1,1
948,Day_10,2,0
949,Day_10,1,0
950,Day_10,1,0
951,Day_10,1,0
952,Day_10,1,0
953,Day_10,1,0
954,Day_10,1,0
955,Day_10,1,0
956,Day_10,1,0
957,Day_10,1,0
958,Day_10,1,0
959,Day_10,1,0
960,Day_10,1,0
961,Day_10,1,0
962,Day_10,1,0
963,Day_10,1,0
964,Day_10,1,0
965,Day_10,1,0
966,Day_10,1,0
967,Day_10,1,0
968,Day_10,1,0
969,Day_10,1,0
970,Day_10,1,0
971,Day_10,1,0
972,Day_10,1,0
973,Day_10,1,0
974,Day_10,1,0
975,Day_10,1,0
976,Day_10,1,0
977,Day_10,1,0
978,Day_10,1,0
979,Day_10,1,0
980,Day_10,1,0
981,Day_10,1,0
982,Day_10,1,0
983,Day_10,1,0
984,Day_10,1,0
985,Day_11,1,1
985,Day_11,2,1
985,Day_11,3,1
985,Day_11,4,1
985,Day_11,5,1
985,Day_11,6,1
985,Day_11,7,1
985,Day_11,8,0
986,Day_11,1,1
986,Day_11,2,1
986,Day_11,3,1
986,Day_11,4,1
986,Day_11,5,1
986,Day_11,6,0
987,Day_11,1,1
987,Day_11,2,1
987,Day_11,3,1
987,Day_11,4,1
987,Day_11,5,1
987,Day_11,6,0
988,Day_11,1,1
988,Day_11,2,1
988,Day_11,3,1
988,Day_11,4,1
988,Day_11,5,0
989,Day_11,1,1
989,Day_11,2,1
989,Day_11,3,1
989,Day_11,4,1
989,Day_11,5,0
990,Day_11,1,1
990,Day_11,2,1
990,Day_11,3,1
990,Day_11,4,1
990,Day_11,5,0
991,Day_11,1,1
991,Day_11,2,1
991,Day_11,3,1
991,Day_11,4,1
991,Day_11,5,0
992,Day_11,1,1
992,Day_11,2,1
992,Day_11,3,1
992,Day_11,4,1
992,Day_11,5,0
993,Day_11,1,1
993,Day_11,2,1
993,Day_11,3,1
993,Day_11,4,0
994,Day_11,1,1
994,Day_11,2,1
994,Day_11,3,1
994,Day_11,4,0
995,Day_11,1,1
995,Day_11,2,1
995,Day_11,3,1
995,Day_11,4,0
996,Day_11,1,1
996,Day_11,2,1
996,Day_11,3,1
996,Day_11,4,0
997,Day_11,1,1
997,Day_11,2,1
997,Day_11,3,1
997,Day_11,4,0
998,Day_11,1,1
998,Day_11,2,1
998,Day_11,3,1
998,Day_11,4,0
999,Day_11,1,1
999,Day_11,2,1
999,Day_11,3,1
999,Day_11,4,0
1000,Day_11,1,1
1000,Day_11,2,1
1000,Day_11,3,1
1000,Day_11,4,0
1001,Day_11,1,1
1001,Day_11,2,1
1001,Day_11,3,1
1001,Day_11,4,0
1002,Day_11,1,1
1002,Day_11,2,1
1002,Day_11,3,1
1002,Day_11,4,0
1003,Day_11,1,1
1003,Day_11,2,1
1003,Day_11,3,1
1003,Day_11,4,0
1004,Day_11,1,1
1004,Day_11,2,1
1004,Day_11,3,1
1004,Day_11,4,0
1005,Day_11,1,1
1005,Day_11,2,1
1005,Day_11,3,1
1005,Day_11,4,0
1006,Day_11,1,1
1006,Day_11,2,1
1006,Day_11,3,1
1006,Day_11,4,0
1007,Day_11,1,1
1007,Day_11,2,1
1007,Day_11,3,1
1007,Day_11,4,0
1008,Day_11,1,1
1008,Day_11,2,1
1008,Day_11,3,1
1008,Day_11,4,0
1009,Day_11,1,1
1009,Day_11,2,1
1009,Day_11,3,1
1009,Day_11,4,0
1010,Day_11,1,1
1010,Day_11,2,1
1010,Day_11,3,1
1010,Day_11,4,0
1011,Day_11,1,1
1011,Day_11,2,1
1011,Day_11,3,1
1011,Day_11,4,0
1012,Day_11,1,1
1012,Day_11,2,1
1012,Day_11,3,1
1012,Day_11,4,0
1013,Day_11,1,1
1013,Day_11,2,1
1013,Day_11,3,1
1013,Day_11,4,0
1014,Day_11,1,1
1014,Day_11,2,1
1014,Day_11,3,1
1014,Day_11,4,0
1015,Day_11,1,1
1015,Day_11,2,1
1015,Day_11,3,1
1015,Day_11,4,0
1016,Day_11,1,1
1016,Day_11,2,1
1016,Day_11,3,1
1016,Day_11,4,0
1017,Day_11,1,1
1017,Day_11,2,1
1017,Day_11,3,1
1017,Day_11,4,0
1018,Day_11,1,1
1018,Day_11,2,1
1018,Day_11,3,1
1018,Day_11,4,0
1019,Day_11,1,1
1019,Day_11,2,1
1019,Day_11,3,1
1019,Day_11,4,0
1020,Day_11,1,1
1020,Day_11,2,1
1020,Day_11,3,1
1020,Day_11,4,0
1021,Day_11,1,1
1021,Day_11,2,1
1021,Day_11,3,1
1021,Day_11,4,0
1022,Day_11,1,1
1022,Day_11,2,1
1022,Day_11,3,1
1022,Day_11,4,0
1023,Day_11,1,1
1023,Day_11,2,1
1023,Day_11,3,1
1023,Day_11,4,0
1024,Day_11,1,1
1024,Day_11,2,1
1024,Day_11,3,1
1024,Day_11,4,0
1025,Day_11,1,1
1025,Day_11,2,1
1025,Day_11,3,1
1025,Day_11,4,0
1026,Day_11,1,1
1026,Day_11,2,1
1026,Day_11,3,1
1026,Day_11,4,0
1027,Day_11,1,1
1027,Day_11,2,1
1027,Day_11,3,1
1027,Day_11,4,0
1028,Day_11,1,1
1028,Day_11,2,1
1028,Day_11,3,1
1028,Day_11,4,0
1029,Day_11,1,1
1029,Day_11,2,1
1029,Day_11,3,1
1029,Day_11,4,0
1030,Day_11,1,1
1030,Day_11,2,1
1030,Day_11,3,1
1030,Day_11,4,0
1031,Day_11,1,1
1031,Day_11,2,1
1031,Day_11,3,1
1031,Day_11,4,0
1032,Day_11,1,1
1032,Day_11,2,1
1032,Day_11,3,1
1032,Day_11,4,0
1033,Day_11,1,1
1033,Day_11,2,1
1033,Day_11,3,1
1033,Day_11,4,0
1034,Day_11,1,1
1034,Day_11,2,1
1034,Day_11,3,1
1034,Day_11,4,0
1035,Day_11,1,1
1035,Day_11,2,1
1035,Day_11,3,1
1035,Day_11,4,0
1036,Day_11,1,1
1036,Day_11,2,1
1036,Day_11,3,1
1036,Day_11,4,0
1037,Day_11,1,1
1037,Day_11,2,1
1037,Day_11,3,1
1037,Day_11,4,0
1038,Day_11,1,1
1038,Day_11,2,1
1038,Day_11,3,1
1038,Day_11,4,0
1039,Day_11,1,1
1039,Day_11,2,1
1039,Day_11,3,1
1039,Day_11,4,0
1040,Day_11,1,1
1040,Day_11,2,1
1040,Day_11,3,1
1040,Day_11,4,0
1041,Day_11,1,1
1041,Day_11,2,1
1041,Day_11,3,1
1041,Day_11,4,0
1042,Day_11,1,1
1042,Day_11,2,1
1042,Day_11,3,1
1042,Day_11,4,0
1043,Day_11,1,1
1043,Day_11,2,1
1043,Day_11,3,1
1043,Day_11,4,0
1044,Day_11,1,1
1044,Day_11,2,1
1044,Day_11,3,1
1044,Day_11,4,0
1045,Day_11,1,1
1045,Day_11,2,1
1045,Day_11,3,1
1045,Day_11,4,0
1046,Day_11,1,1
1046,Day_11,2,1
1046,Day_11,3,1
1046,Day_11,4,0
1047,Day_11,1,1
1047,Day_11,2,1
1047,Day_11,3,1
1047,Day_11,4,0
1048,Day_11,1,1
1048,Day_11,2,1
1048,Day_11,3,0
1049,Day_11,1,1
1049,Day_11,2,1
1049,Day_11,3,0
1050,Day_11,1,1
1050,Day_11,2,1
1050,Day_11,3,0
1051,Day_11,1,1
1051,Day_11,2,1
1051,Day_11,3,0
1052,Day_11,1,1
1052,Day_11,2,1
1052,Day_11,3,0
1053,Day_11,1,1
1053,Day_11,2,1
1053,Day_11,3,0
1054,Day_11,1,1
1054,Day_11,2,1
1054,Day_11,3,0
1055,Day_11,1,1
1055,Day_11,2,1
1055,Day_11,3,0
1056,Day_11,1,1
1056,Day_11,2,1
1056,Day_11,3,0
1057,Day_11,1,1
1057,Day_11,2,1
1057,Day_11,3,0
1058,Day_11,1,1
1058,Day_11,2,1
1058,Day_11,3,0
1059,Day_11,1,1
1059,Day_11,2,1
1059,Day_11,3,0
1060,Day_11,1,1
1060,Day_11,2,1
1060,Day_11,3,0
1061,Day_11,1,1
1061,Day_11,2,1
1061,Day_11,3,0
1062,Day_11,1,1
1062,Day_11,2,1
1062,Day_11,3,0
1063,Day_11,1,1
1063,Day_11,2,0
1064,Day_11,1,1
1064,Day_11,2,0
1065,Day_11,1,1
1065,Day_11,2,0
1066,Day_11,1,1
1066,Day_11,2,0
1067,Day_11,1,1
1067,Day_11,2,0
1068,Day_11,1,1
1068,Day_11,2,0
1069,Day_11,1,1
1069,Day_11,2,0
1070,Day_11,1,1
1070,Day_11,2,0
1071,Day_11,1,1
1071,Day_11,2,0
1072,Day_11,1,1
1072,Day_11,2,0
1073,Day_11,1,1
1073,Day_11,2,0
1074,Day_11,1,1
1074,Day_11,2,0
1075,Day_11,1,1
1075,Day_11,2,0
1076,Day_11,1,1
1076,Day_11,2,0
1077,Day_11,1,1
1077,Day_11,2,0
1078,Day_11,1,1
1078,Day_11,2,0
1079,Day_11,1,1
1079,Day_11,2,0
1080,Day_11,1,1
1080,Day_11,2,0
1081,Day_11,1,0
1082,Day_11,1,0
1083,Day_11,1,0
1084,Day_11,1,0
1085,Day_11,1,0
1086,Day_11,1,0
1087,Day_11,1,0
1088,Day_11,1,0
1089,Day_11,1,0
1090,Day_11,1,0
1091,Day_11,1,0
1092,Day_11,1,0
1093,Day_11,1,0
1094,Day_11,1,0
1095,Day_11,1,0
1096,Day_11,1,0
1097,Day_11,1,0
1098,Day_11,1,0
1099,Day_11,1,0
1100,Day_11,1,0
1101,Day_11,1,0
1102,Day_11,1,0
1103,Day_11,1,0
1104,Day_11,1,0
1105,Day_11,1,0
1106,Day_11,1,0
1107,Day_11,1,0
1108,Day_11,1,0
1109,Day_11,1,0
1110,Day_11,1,0
1111,Day_11,1,0
1112,Day_11,1,0
1113,Day_11,1,0
1114,Day_11,1,0
1115,Day_11,1,0
1116,Day_11,1,0
1117,Day_11,1,0
1118,Day_11,1,0
1119,Day_11,1,0
1120,Day_11,1,0
1121,Day_11,1,0
1122,Day_11,1,0
1123,Day_11,1,0
1124,Day_11,1,0
1125,Day_11,1,0
1126,Day_11,1,0
1127,Day_11,1,0
1128,Day_11,1,0
1129,Day_11,1,0
1130,Day_11,1,0
1131,Day_11,1,0
1132,Day_11,1,0
1133,Day_11,1,0
1134,Day_11,1,0
1135,Day_11,1,0
1136,Day_11,1,0
1137,Day_11,1,0
1138,Day_12,1,1
1138,Day_12,2,1
1138,Day_12,3,1
1138,Day_12,4,1
1138,Day_12,5,1
1138,Day_12,6,1
1138,Day_12,7,1
1138,Day_12,8,0
1139,Day_12,1,1
1139,Day_12,2,1
1139,Day_12,3,1
1139,Day_12,4,1
1139,Day_12,5,0
1140,Day_12,1,1
1140,Day_12,2,1
1140,Day_12,3,1
1140,Day_12,4,1
1140,Day_12,5,0
1141,Day_12,1,1
1141,Day_12,2,1
1141,Day_12,3,1
1141,Day_12,4,1
1141,Day_12,5,0
1142,Day_12,1,1
1142,Day_12,2,1
1142,Day_12,3,1
1142,Day_12,4,0
1143,Day_12,1,1
1143,Day_12,2,1
1143,Day_12,3,1
1143,Day_12,4,0
1144,Day_12,1,1
1144,Day_12,2,1
1144,Day_12,3,1
1144,Day_12,4,0
1145,Day_12,1,1
1145,Day_12,2,1
1145,Day_12,3,1
1145,Day_12,4,0
1146,Day_12,1,1
1146,Day_12,2,1
1146,Day_12,3,1
1146,Day_12,4,0
1147,Day_12,1,1
1147,Day_12,2,1
1147,Day_12,3,1
1147,Day_12,4,0
1148,Day_12,1,1
1148,Day_12,2,1
1148,Day_12,3,1
1148,Day_12,4,0
1149,Day_12,1,1
1149,Day_12,2,1
1149,Day_12,3,1
1149,Day_12,4,0
1150,Day_12,1,1
1150,Day_12,2,1
1150,Day_12,3,1
1150,Day_12,4,0
1151,Day_12,1,1
1151,Day_12,2,1
1151,Day_12,3,1
1151,Day_12,4,0
1152,Day_12,1,1
1152,Day_12,2,1
1152,Day_12,3,1
1152,Day_12,4,0
1153,Day_12,1,1
1153,Day_12,2,1
1153,Day_12,3,1
1153,Day_12,4,0
1154,Day_12,1,1
1154,Day_12,2,1
1154,Day_12,3,1
1154,Day_12,4,0
1155,Day_12,1,1
1155,Day_12,2,1
1155,Day_12,3,1
1155,Day_12,4,0
1156,Day_12,1,1
1156,Day_12,2,1
1156,Day_12,3,1
1156,Day_12,4,0
1157,Day_12,1,1
1157,Day_12,2,1
1157,Day_12,3,1
1157,Day_12,4,0
1158,Day_12,1,1
1158,Day_12,2,1
1158,Day_12,3,1
1158,Day_12,4,0
1159,Day_12,1,1
1159,Day_12,2,1
1159,Day_12,3,1
1159,Day_12,4,0
1160,Day_12,1,1
1160,Day_12,2,1
1160,Day_12,3,1
1160,Day_12,4,0
1161,Day_12,1,1
1161,Day_12,2,1
1161,Day_12,3,1
1161,Day_12,4,0
1162,Day_12,1,1
1162,Day_12,2,1
1162,Day_12,3,1
1162,Day_12,4,0
1163,Day_12,1,1
1163,Day_12,2,1
1163,Day_12,3,1
1163,Day_12,4,0
1164,Day_12,1,1
1164,Day_12,2,1
1164,Day_12,3,1
1164,Day_12,4,0
1165,Day_12,1,1
1165,Day_12,2,1
1165,Day_12,3,1
1165,Day_12,4,0
1166,Day_12,1,1
1166,Day_12,2,1
1166,Day_12,3,1
1166,Day_12,4,0
1167,Day_12,1,1
1167,Day_12,2,1
1167,Day_12,3,1
1167,Day_12,4,0
1168,Day_12,1,1
1168,Day_12,2,1
1168,Day_12,3,1
1168,Day_12,4,0
1169,Day_12,1,1
1169,Day_12,2,1
1169,Day_12,3,1
1169,Day_12,4,0
1170,Day_12,1,1
1170,Day_12,2,1
1170,Day_12,3,1
1170,Day_12,4,0
1171,Day_12,1,1
1171,Day_12,2,1
1171,Day_12,3,1
1171,Day_12,4,0
1172,Day_12,1,1
1172,Day_12,2,1
1172,Day_12,3,1
1172,Day_12,4,0
1173,Day_12,1,1
1173,Day_12,2,1
1173,Day_12,3,1
1173,Day_12,4,0
1174,Day_12,1,1
1174,Day_12,2,1
1174,Day_12,3,1
1174,Day_12,4,0
1175,Day_12,1,1
1175,Day_12,2,1
1175,Day_12,3,1
1175,Day_12,4,0
1176,Day_12,1,1
1176,Day_12,2,1
1176,Day_12,3,1
1176,Day_12,4,0
1177,Day_12,1,1
1177,Day_12,2,1
1177,Day_12,3,0
1178,Day_12,1,1
1178,Day_12,2,1
1178,Day_12,3,0
1179,Day_12,1,1
1179,Day_12,2,1
1179,Day_12,3,0
1180,Day_12,1,1
1180,Day_12,2,1
1180,Day_12,3,0
1181,Day_12,1,1
1181,Day_12,2,1
1181,Day_12,3,0
1182,Day_12,1,1
1182,Day_12,2,1
1182,Day_12,3,0
1183,Day_12,1,1
1183,Day_12,2,1
1183,Day_12,3,0
1184,Day_12,1,1
1184,Day_12,2,0
1185,Day_12,1,1
1185,Day_12,2,0
1186,Day_12,1,1
1186,Day_12,2,0
1187,Day_12,1,1
1187,Day_12,2,0
1188,Day_12,1,1
1188,Day_12,2,0
1189,Day_12,1,1
1189,Day_12,2,0
1190,Day_12,1,1
1190,Day_12,2,0
1191,Day_12,1,1
1191,Day_12,2,0
1192,Day_12,1,1
1192,Day_12,2,0
1193,Day_12,1,1
1193,Day_12,2,0
1194,Day_12,1,0
1195,Day_12,1,0
1196,Day_12,1,0
1197,Day_12,1,0
1198,Day_12,1,0
1199,Day_12,1,0
1200,Day_12,1,0
1201,Day_12,1,0
1202,Day_12,1,0
1203,Day_12,1,0
1204,Day_12,1,0
1205,Day_12,1,0
1206,Day_12,1,0
1207,Day_12,1,0
1208,Day_12,1,0
1209,Day_12,1,0
1210,Day_12,1,0
1211,Day_12,1,0
1212,Day_12,1,0
1213,Day_12,1,0
1214,Day_12,1,0
1215,Day_12,1,0
1216,Day_12,1,0
1217,Day_12,1,0
1218,Day_12,1,0
1219,Day_12,1,0
1220,Day_12,1,0
1221,Day_12,1,0
1222,Day_12,1,0
1223,Day_12,1,0
1224,Day_12,1,0
1225,Day_12,1,0
1226,Day_12,1,0
1227,Day_12,1,0
1228,Day_12,1,0
1229,Day_12,1,0
1230,Day_13,1,1
1230,Day_13,2,1
1230,Day_13,3,1
1230,Day_13,4,1
1230,Day_13,5,1
1230,Day_13,6,1
1230,Day_13,7,1
1230,Day_13,8,0
1231,Day_13,1,1
1231,Day_13,2,1
1231,Day_13,3,1
1231,Day_13,4,1
1231,Day_13,5,1
1231,Day_13,6,0
1232,Day_13,1,1
1232,Day_13,2,1
1232,Day_13,3,1
1232,Day_13,4,1
1232,Day_13,5,0
1233,Day_13,1,1
1233,Day_13,2,1
1233,Day_13,3,1
1233,Day_13,4,1
1233,Day_13,5,0
1234,Day_13,1,1
1234,Day_13,2,1
1234,Day_13,3,1
1234,Day_13,4,1
1234,Day_13,5,0
1235,Day_13,1,1
1235,Day_13,2,1
1235,Day_13,3,1
1235,Day_13,4,0
1236,Day_13,1,1
1236,Day_13,2,1
1236,Day_13,3,1
1236,Day_13,4,0
1237,Day_13,1,1
1237,Day_13,2,1
1237,Day_13,3,1
1237,Day_13,4,0
1238,Day_13,1,1
1238,Day_13,2,1
1238,Day_13,3,1
1238,Day_13,4,0
1239,Day_13,1,1
1239,Day_13,2,1
1239,Day_13,3,1
1239,Day_13,4,0
1240,Day_13,1,1
1240,Day_13,2,1
1240,Day_13,3,1
1240,Day_13,4,0
1241,Day_13,1,1
1241,Day_13,2,1
1241,Day_13,3,1
1241,Day_13,4,0
1242,Day_13,1,1
1242,Day_13,2,1
1242,Day_13,3,1
1242,Day_13,4,0
1243,Day_13,1,1
1243,Day_13,2,1
1243,Day_13,3,1
1243,Day_13,4,0
1244,Day_13,1,1
1244,Day_13,2,1
1244,Day_13,3,1
1244,Day_13,4,0
1245,Day_13,1,1
1245,Day_13,2,1
1245,Day_13,3,1
1245,Day_13,4,0
1246,Day_13,1,1
1246,Day_13,2,1
1246,Day_13,3,1
1246,Day_13,4,0
1247,Day_13,1,1
1247,Day_13,2,1
1247,Day_13,3,1
1247,Day_13,4,0
1248,Day_13,1,1
1248,Day_13,2,1
1248,Day_13,3,1
1248,Day_13,4,0
1249,Day_13,1,1
1249,Day_13,2,1
1249,Day_13,3,1
1249,Day_13,4,0
1250,Day_13,1,1
1250,Day_13,2,1
1250,Day_13,3,0
1251,Day_13,1,1
1251,Day_13,2,1
1251,Day_13,3,0
1252,Day_13,1,1
1252,Day_13,2,1
1252,Day_13,3,0
1253,Day_13,1,1
1253,Day_13,2,1
1253,Day_13,3,0
1254,Day_13,1,1
1254,Day_13,2,0
1255,Day_13,1,1
1255,Day_13,2,0
1256,Day_13,1,1
1256,Day_13,2,0
1257,Day_13,1,1
1257,Day_13,2,0
1258,Day_13,1,1
1258,Day_13,2,0
1259,Day_13,1,1
1259,Day_13,2,0
1260,Day_13,1,1
1260,Day_13,2,0
1261,Day_13,1,0
1262,Day_13,1,0
1263,Day_13,1,0
1264,Day_13,1,0
1265,Day_13,1,0
1266,Day_13,1,0
1267,Day_13,1,0
1268,Day_13,1,0
1269,Day_13,1,0
1270,Day_13,1,0
1271,Day_13,1,0
1272,Day_13,1,0
1273,Day_13,1,0
1274,Day_13,1,0
1275,Day_13,1,0
1276,Day_13,1,0
1277,Day_13,1,0
1278,Day_13,1,0
1279,Day_13,1,0
1280,Day_13,1,0
1281,Day_14,1,1
1281,Day_14,2,1
1281,Day_14,3,1
1281,Day_14,4,1
1281,Day_14,5,1
1281,Day_14,6,1
1281,Day_14,7,1
1281,Day_14,8,1
1282,Day_14,1,1
1282,Day_14,2,1
1282,Day_14,3,1
1282,Day_14,4,1
1282,Day_14,5,1
1282,Day_14,6,1
1282,Day_14,7,1
1282,Day_14,8,0
1283,Day_14,1,1
1283,Day_14,2,1
1283,Day_14,3,1
1283,Day_14,4,1
1283,Day_14,5,1
1283,Day_14,6,1
1283,Day_14,7,0
1284,Day_14,1,1
1284,Day_14,2,1
1284,Day_14,3,1
1284,Day_14,4,1
1284,Day_14,5,1
1284,Day_14,6,0
1285,Day_14,1,1
1285,Day_14,2,1
1285,Day_14,3,1
1285,Day_14,4,1
1285,Day_14,5,0
1286,Day_14,1,1
1286,Day_14,2,1
1286,Day_14,3,1
1286,Day_14,4,0
1287,Day_14,1,1
1287,Day_14,2,1
1287,Day_14,3,1
1287,Day_14,4,0
1288,Day_14,1,1
1288,Day_14,2,1
1288,Day_14,3,1
1288,Day_14,4,0
1289,Day_14,1,1
1289,Day_14,2,1
1289,Day_14,3,1
1289,Day_14,4,0
1290,Day_14,1,1
1290,Day_14,2,1
1290,Day_14,3,1
1290,Day_14,4,0
1291,Day_14,1,1
1291,Day_14,2,1
1291,Day_14,3,1
1291,Day_14,4,0
1292,Day_14,1,1
1292,Day_14,2,1
1292,Day_14,3,1
1292,Day_14,4,0
1293,Day_14,1,1
1293,Day_14,2,1
1293,Day_14,3,1
1293,Day_14,4,0
1294,Day_14,1,1
1294,Day_14,2,1
1294,Day_14,3,1
1294,Day_14,4,0
1295,Day_14,1,1
1295,Day_14,2,1
1295,Day_14,3,1
1295,Day_14,4,0
1296,Day_14,1,1
1296,Day_14,2,1
1296,Day_14,3,1
1296,Day_14,4,0
1297,Day_14,1,1
1297,Day_14,2,1
1297,Day_14,3,1
1297,Day_14,4,0
1298,Day_14,1,1
1298,Day_14,2,1
1298,Day_14,3,1
1298,Day_14,4,0
1299,Day_14,1,1
1299,Day_14,2,1
1299,Day_14,3,1
1299,Day_14,4,0
1300,Day_14,1,1
1300,Day_14,2,1
1300,Day_14,3,1
1300,Day_14,4,0
1301,Day_14,1,1
1301,Day_14,2,1
1301,Day_14,3,1
1301,Day_14,4,0
1302,Day_14,1,1
1302,Day_14,2,1
1302,Day_14,3,1
1302,Day_14,4,0
1303,Day_14,1,1
1303,Day_14,2,1
1303,Day_14,3,1
1303,Day_14,4,0
1304,Day_14,1,1
1304,Day_14,2,1
1304,Day_14,3,1
1304,Day_14,4,0
1305,Day_14,1,1
1305,Day_14,2,1
1305,Day_14,3,1
1305,Day_14,4,0
1306,Day_14,1,1
1306,Day_14,2,1
1306,Day_14,3,1
1306,Day_14,4,0
1307,Day_14,1,1
1307,Day_14,2,1
1307,Day_14,3,1
1307,Day_14,4,0
1308,Day_14,1,1
1308,Day_14,2,1
1308,Day_14,3,1
1308,Day_14,4,0
1309,Day_14,1,1
1309,Day_14,2,1
1309,Day_14,3,1
1309,Day_14,4,0
1310,Day_14,1,1
1310,Day_14,2,1
1310,Day_14,3,1
1310,Day_14,4,0
1311,Day_14,1,1
1311,Day_14,2,1
1311,Day_14,3,1
1311,Day_14,4,0
1312,Day_14,1,1
1312,Day_14,2,1
1312,Day_14,3,1
1312,Day_14,4,0
1313,Day_14,1,1
1313,Day_14,2,1
1313,Day_14,3,1
1313,Day_14,4,0
1314,Day_14,1,1
1314,Day_14,2,1
1314,Day_14,3,1
1314,Day_14,4,0
1315,Day_14,1,1
1315,Day_14,2,1
1315,Day_14,3,1
1315,Day_14,4,0
1316,Day_14,1,1
1316,Day_14,2,1
1316,Day_14,3,0
1317,Day_14,1,1
1317,Day_14,2,1
1317,Day_14,3,0
1318,Day_14,1,1
1318,Day_14,2,1
1318,Day_14,3,0
1319,Day_14,1,1
1319,Day_14,2,1
1319,Day_14,3,0
1320,Day_14,1,1
1320,Day_14,2,1
1320,Day_14,3,0
1321,Day_14,1,1
1321,Day_14,2,1
1321,Day_14,3,0
1322,Day_14,1,1
1322,Day_14,2,1
1322,Day_14,3,0
1323,Day_14,1,1
1323,Day_14,2,1
1323,Day_14,3,0
1324,Day_14,1,1
1324,Day_14,2,1
1324,Day_14,3,0
1325,Day_14,1,1
1325,Day_14,2,0
1326,Day_14,1,1
1326,Day_14,2,0
1327,Day_14,1,1
1327,Day_14,2,0
1328,Day_14,1,1
1328,Day_14,2,0
1329,Day_14,1,1
1329,Day_14,2,0
1330,Day_14,1,1
1330,Day_14,2,0
1331,Day_14,1,1
1331,Day_14,2,0
1332,Day_14,1,1
1332,Day_14,2,0
1333,Day_14,1,1
1333,Day_14,2,0
1334,Day_14,1,1
1334,Day_14,2,0
1335,Day_14,1,1
1335,Day_14,2,0
1336,Day_14,1,1
1336,Day_14,2,0
1337,Day_14,1,0
1338,Day_14,1,0
1339,Day_14,1,0
1340,Day_14,1,0
1341,Day_14,1,0
1342,Day_14,1,0
1343,Day_14,1,0
1344,Day_14,1,0
1345,Day_14,1,0
1346,Day_14,1,0
1347,Day_14,1,0
1348,Day_14,1,0
1349,Day_14,1,0
1350,Day_14,1,0
1351,Day_14,1,0
1352,Day_14,1,0
1353,Day_14,1,0
1354,Day_15,1,1
1354,Day_15,2,1
1354,Day_15,3,1
1354,Day_15,4,1
1354,Day_15,5,1
1354,Day_15,6,1
1354,Day_15,7,1
1354,Day_15,8,1
1355,Day_15,1,1
1355,Day_15,2,1
1355,Day_15,3,1
1355,Day_15,4,1
1355,Day_15,5,1
1355,Day_15,6,1
1355,Day_15,7,1
1355,Day_15,8,1
1356,Day_15,1,1
1356,Day_15,2,1
1356,Day_15,3,1
1356,Day_15,4,1
1356,Day_15,5,1
1356,Day_15,6,0
1357,Day_15,1,1
1357,Day_15,2,1
1357,Day_15,3,1
1357,Day_15,4,1
1357,Day_15,5,0
1358,Day_15,1,1
1358,Day_15,2,1
1358,Day_15,3,1
1358,Day_15,4,1
1358,Day_15,5,0
1359,Day_15,1,1
1359,Day_15,2,1
1359,Day_15,3,1
1359,Day_15,4,1
1359,Day_15,5,0
1360,Day_15,1,1
1360,Day_15,2,1
1360,Day_15,3,1
1360,Day_15,4,1
1360,Day_15,5,0
1361,Day_15,1,1
1361,Day_15,2,1
1361,Day_15,3,1
1361,Day_15,4,0
1362,Day_15,1,1
1362,Day_15,2,1
1362,Day_15,3,1
1362,Day_15,4,0
1363,Day_15,1,1
1363,Day_15,2,1
1363,Day_15,3,1
1363,Day_15,4,0
1364,Day_15,1,1
1364,Day_15,2,1
1364,Day_15,3,1
1364,Day_15,4,0
1365,Day_15,1,1
1365,Day_15,2,1
1365,Day_15,3,1
1365,Day_15,4,0
1366,Day_15,1,1
1366,Day_15,2,1
1366,Day_15,3,1
1366,Day_15,4,0
1367,Day_15,1,1
1367,Day_15,2,1
1367,Day_15,3,1
1367,Day_15,4,0
1368,Day_15,1,1
1368,Day_15,2,1
1368,Day_15,3,1
1368,Day_15,4,0
1369,Day_15,1,1
1369,Day_15,2,1
1369,Day_15,3,1
1369,Day_15,4,0
1370,Day_15,1,1
1370,Day_15,2,1
1370,Day_15,3,1
1370,Day_15,4,0
1371,Day_15,1,1
1371,Day_15,2,1
1371,Day_15,3,1
1371,Day_15,4,0
1372,Day_15,1,1
1372,Day_15,2,1
1372,Day_15,3,1
1372,Day_15,4,0
1373,Day_15,1,1
1373,Day_15,2,1
1373,Day_15,3,1
1373,Day_15,4,0
1374,Day_15,1,1
1374,Day_15,2,1
1374,Day_15,3,1
1374,Day_15,4,0
1375,Day_15,1,1
1375,Day_15,2,1
1375,Day_15,3,1
1375,Day_15,4,0
1376,Day_15,1,1
1376,Day_15,2,1
1376,Day_15,3,1
1376,Day_15,4,0
1377,Day_15,1,1
1377,Day_15,2,1
1377,Day_15,3,1
1377,Day_15,4,0
1378,Day_15,1,1
1378,Day_15,2,1
1378,Day_15,3,1
1378,Day_15,4,0
1379,Day_15,1,1
1379,Day_15,2,1
1379,Day_15,3,1
1379,Day_15,4,0
1380,Day_15,1,1
1380,Day_15,2,1
1380,Day_15,3,1
1380,Day_15,4,0
1381,Day_15,1,1
1381,Day_15,2,1
1381,Day_15,3,1
1381,Day_15,4,0
1382,Day_15,1,1
1382,Day_15,2,1
1382,Day_15,3,1
1382,Day_15,4,0
1383,Day_15,1,1
1383,Day_15,2,1
1383,Day_15,3,0
1384,Day_15,1,1
1384,Day_15,2,1
1384,Day_15,3,0
1385,Day_15,1,1
1385,Day_15,2,1
1385,Day_15,3,0
1386,Day_15,1,1
1386,Day_15,2,1
1386,Day_15,3,0
1387,Day_15,1,1
1387,Day_15,2,1
1387,Day_15,3,0
1388,Day_15,1,1
1388,Day_15,2,1
1388,Day_15,3,0
1389,Day_15,1,1
1389,Day_15,2,1
1389,Day_15,3,0
1390,Day_15,1,1
1390,Day_15,2,1
1390,Day_15,3,0
1391,Day_15,1,1
1391,Day_15,2,1
1391,Day_15,3,0
1392,Day_15,1,1
1392,Day_15,2,1
1392,Day_15,3,0
1393,Day_15,1,1
1393,Day_15,2,0
1394,Day_15,1,1
1394,Day_15,2,0
1395,Day_15,1,1
1395,Day_15,2,0
1396,Day_15,1,1
1396,Day_15,2,0
1397,Day_15,1,1
1397,Day_15,2,0
1398,Day_15,1,1
1398,Day_15,2,0
1399,Day_15,1,1
1399,Day_15,2,0
1400,Day_15,1,1
1400,Day_15,2,0
1401,Day_15,1,1
1401,Day_15,2,0
1402,Day_15,1,1
1402,Day_15,2,0
1403,Day_15,1,1
1403,Day_15,2,0
1404,Day_15,1,1
1404,Day_15,2,0
1405,Day_15,1,0
1406,Day_15,1,0
1407,Day_15,1,0
1408,Day_15,1,0
1409,Day_15,1,0
1410,Day_15,1,0
1411,Day_15,1,0
1412,Day_15,1,0
1413,Day_15,1,0
1414,Day_15,1,0
1415,Day_15,1,0
1416,Day_15,1,0
1417,Day_15,1,0
1418,Day_15,1,0
1419,Day_15,1,0
1420,Day_15,1,0
1421,Day_15,1,0
1422,Day_15,1,0
1423,Day_15,1,0
1424,Day_15,1,0
1425,Day_15,1,0
1426,Day_15,1,0
1427,Day_16,1,1
1427,Day_16,2,1
1427,Day_16,3,1
1427,Day_16,4,1
1427,Day_16,5,1
1427,Day_16,6,0
1428,Day_16,1,1
1428,Day_16,2,1
1428,Day_16,3,1
1428,Day_16,4,1
1428,Day_16,5,1
1428,Day_16,6,0
1429,Day_16,1,1
1429,Day_16,2,1
1429,Day_16,3,1
1429,Day_16,4,1
1429,Day_16,5,1
1429,Day_16,6,0
1430,Day_16,1,1
1430,Day_16,2,1
1430,Day_16,3,1
1430,Day_16,4,1
1430,Day_16,5,1
1430,Day_16,6,0
1431,Day_16,1,1
1431,Day_16,2,1
1431,Day_16,3,1
1431,Day_16,4,1
1431,Day_16,5,1
1431,Day_16,6,0
1432,Day_16,1,1
1432,Day_16,2,1
1432,Day_16,3,1
1432,Day_16,4,1
1432,Day_16,5,0
1433,Day_16,1,1
1433,Day_16,2,1
1433,Day_16,3,1
1433,Day_16,4,1
1433,Day_16,5,0
1434,Day_16,1,1
1434,Day_16,2,1
1434,Day_16,3,1
1434,Day_16,4,1
1434,Day_16,5,0
1435,Day_16,1,1
1435,Day_16,2,1
1435,Day_16,3,1
1435,Day_16,4,1
1435,Day_16,5,0
1436,Day_16,1,1
1436,Day_16,2,1
1436,Day_16,3,1
1436,Day_16,4,0
1437,Day_16,1,1
1437,Day_16,2,1
1437,Day_16,3,1
1437,Day_16,4,0
1438,Day_16,1,1
1438,Day_16,2,1
1438,Day_16,3,1
1438,Day_16,4,0
1439,Day_16,1,1
1439,Day_16,2,1
1439,Day_16,3,1
1439,Day_16,4,0
1440,Day_16,1,1
1440,Day_16,2,1
1440,Day_16,3,1
1440,Day_16,4,0
1441,Day_16,1,1
1441,Day_16,2,1
1441,Day_16,3,1
1441,Day_16,4,0
1442,Day_16,1,1
1442,Day_16,2,1
1442,Day_16,3,1
1442,Day_16,4,0
1443,Day_16,1,1
1443,Day_16,2,1
1443,Day_16,3,1
1443,Day_16,4,0
1444,Day_16,1,1
1444,Day_16,2,1
1444,Day_16,3,1
1444,Day_16,4,0
1445,Day_16,1,1
1445,Day_16,2,1
1445,Day_16,3,1
1445,Day_16,4,0
1446,Day_16,1,1
1446,Day_16,2,1
1446,Day_16,3,1
1446,Day_16,4,0
1447,Day_16,1,1
1447,Day_16,2,1
1447,Day_16,3,1
1447,Day_16,4,0
1448,Day_16,1,1
1448,Day_16,2,1
1448,Day_16,3,1
1448,Day_16,4,0
1449,Day_16,1,1
1449,Day_16,2,1
1449,Day_16,3,1
1449,Day_16,4,0
1450,Day_16,1,1
1450,Day_16,2,1
1450,Day_16,3,1
1450,Day_16,4,0
1451,Day_16,1,1
1451,Day_16,2,1
1451,Day_16,3,1
1451,Day_16,4,0
1452,Day_16,1,1
1452,Day_16,2,1
1452,Day_16,3,1
1452,Day_16,4,0
1453,Day_16,1,1
1453,Day_16,2,1
1453,Day_16,3,1
1453,Day_16,4,0
1454,Day_16,1,1
1454,Day_16,2,1
1454,Day_16,3,1
1454,Day_16,4,0
1455,Day_16,1,1
1455,Day_16,2,1
1455,Day_16,3,1
1455,Day_16,4,0
1456,Day_16,1,1
1456,Day_16,2,1
1456,Day_16,3,1
1456,Day_16,4,0
1457,Day_16,1,1
1457,Day_16,2,1
1457,Day_16,3,1
1457,Day_16,4,0
1458,Day_16,1,1
1458,Day_16,2,1
1458,Day_16,3,1
1458,Day_16,4,0
1459,Day_16,1,1
1459,Day_16,2,1
1459,Day_16,3,1
1459,Day_16,4,0
1460,Day_16,1,1
1460,Day_16,2,1
1460,Day_16,3,1
1460,Day_16,4,0
1461,Day_16,1,1
1461,Day_16,2,1
1461,Day_16,3,1
1461,Day_16,4,0
1462,Day_16,1,1
1462,Day_16,2,1
1462,Day_16,3,1
1462,Day_16,4,0
1463,Day_16,1,1
1463,Day_16,2,1
1463,Day_16,3,1
1463,Day_16,4,0
1464,Day_16,1,1
1464,Day_16,2,1
1464,Day_16,3,0
1465,Day_16,1,1
1465,Day_16,2,1
1465,Day_16,3,0
1466,Day_16,1,1
1466,Day_16,2,1
1466,Day_16,3,0
1467,Day_16,1,1
1467,Day_16,2,1
1467,Day_16,3,0
1468,Day_16,1,1
1468,Day_16,2,1
1468,Day_16,3,0
1469,Day_16,1,1
1469,Day_16,2,1
1469,Day_16,3,0
1470,Day_16,1,1
1470,Day_16,2,1
1470,Day_16,3,0
1471,Day_16,1,1
1471,Day_16,2,1
1471,Day_16,3,0
1472,Day_16,1,1
1472,Day_16,2,1
1472,Day_16,3,0
1473,Day_16,1,1
1473,Day_16,2,1
1473,Day_16,3,0
1474,Day_16,1,1
1474,Day_16,2,0
1475,Day_16,1,1
1475,Day_16,2,0
1476,Day_16,1,1
1476,Day_16,2,0
1477,Day_16,1,1
1477,Day_16,2,0
1478,Day_16,1,0
1479,Day_16,1,0
1480,Day_16,1,0
1481,Day_16,1,0
1482,Day_16,1,0
1483,Day_16,1,0
1484,Day_16,1,0
1485,Day_16,1,0
1486,Day_16,1,0
1487,Day_16,1,0
1488,Day_16,1,0
1489,Day_16,1,0
1490,Day_16,1,0
1491,Day_16,1,0
1492,Day_16,1,0
1493,Day_16,1,0
1494,Day_16,1,0
1495,Day_16,1,0
1496,Day_16,1,0
1497,Day_16,1,0
1498,Day_16,1,0
1499,Day_16,1,0
1500,Day_16,1,0
1501,Day_16,1,0
1502,Day_16,1,0
1503,Day_17,1,1
1503,Day_17,2,1
1503,Day_17,3,1
1503,Day_17,4,1
1503,Day_17,5,1
1503,Day_17,6,1
1503,Day_17,7,1
1503,Day_17,8,1
1504,Day_17,1,1
1504,Day_17,2,1
1504,Day_17,3,1
1504,Day_17,4,1
1504,Day_17,5,0
1505,Day_17,1,1
1505,Day_17,2,1
1505,Day_17,3,1
1505,Day_17,4,1
1505,Day_17,5,0
1506,Day_17,1,1
1506,Day_17,2,1
1506,Day_17,3,1
1506,Day_17,4,1
1506,Day_17,5,0
1507,Day_17,1,1
1507,Day_17,2,1
1507,Day_17,3,1
1507,Day_17,4,0
1508,Day_17,1,1
1508,Day_17,2,1
1508,Day_17,3,1
1508,Day_17,4,0
1509,Day_17,1,1
1509,Day_17,2,1
1509,Day_17,3,1
1509,Day_17,4,0
1510,Day_17,1,1
1510,Day_17,2,1
1510,Day_17,3,1
1510,Day_17,4,0
1511,Day_17,1,1
1511,Day_17,2,1
1511,Day_17,3,1
1511,Day_17,4,0
1512,Day_17,1,1
1512,Day_17,2,1
1512,Day_17,3,1
1512,Day_17,4,0
1513,Day_17,1,1
1513,Day_17,2,1
1513,Day_17,3,1
1513,Day_17,4,0
1514,Day_17,1,1
1514,Day_17,2,1
1514,Day_17,3,1
1514,Day_17,4,0
1515,Day_17,1,1
1515,Day_17,2,1
1515,Day_17,3,1
1515,Day_17,4,0
1516,Day_17,1,1
1516,Day_17,2,1
1516,Day_17,3,1
1516,Day_17,4,0
1517,Day_17,1,1
1517,Day_17,2,1
1517,Day_17,3,1
1517,Day_17,4,0
1518,Day_17,1,1
1518,Day_17,2,1
1518,Day_17,3,1
1518,Day_17,4,0
1519,Day_17,1,1
1519,Day_17,2,1
1519,Day_17,3,0
1520,Day_17,1,1
1520,Day_17,2,1
1520,Day_17,3,0
1521,Day_17,1,1
1521,Day_17,2,1
1521,Day_17,3,0
1522,Day_17,1,1
1522,Day_17,2,0
1523,Day_17,1,1
1523,Day_17,2,0
1524,Day_17,1,1
1524,Day_17,2,0
1525,Day_17,1,1
1525,Day_17,2,0
1526,Day_17,1,0
1527,Day_17,1,0
1528,Day_17,1,0
1529,Day_17,1,0
1530,Day_17,1,0
1531,Day_17,1,0
1532,Day_17,1,0
1533,Day_17,1,0
1534,Day_17,1,0
1535,Day_18,1,1
1535,Day_18,2,1
1535,Day_18,3,1
1535,Day_18,4,1
1535,Day_18,5,1
1535,Day_18,6,1
1535,Day_18,7,1
1535,Day_18,8,0
1536,Day_18,1,1
1536,Day_18,2,1
1536,Day_18,3,1
1536,Day_18,4,1
1536,Day_18,5,1
1536,Day_18,6,0
1537,Day_18,1,1
1537,Day_18,2,1
1537,Day_18,3,1
1537,Day_18,4,1
1537,Day_18,5,0
1538,Day_18,1,1
1538,Day_18,2,1
1538,Day_18,3,1
1538,Day_18,4,1
1538,Day_18,5,0
1539,Day_18,1,1
1539,Day_18,2,1
1539,Day_18,3,1
1539,Day_18,4,0
1540,Day_18,1,1
1540,Day_18,2,1
1540,Day_18,3,1
1540,Day_18,4,0
1541,Day_18,1,1
1541,Day_18,2,1
1541,Day_18,3,1
1541,Day_18,4,0
1542,Day_18,1,1
1542,Day_18,2,1
1542,Day_18,3,1
1542,Day_18,4,0
1543,Day_18,1,1
1543,Day_18,2,1
1543,Day_18,3,1
1543,Day_18,4,0
1544,Day_18,1,1
1544,Day_18,2,1
1544,Day_18,3,1
1544,Day_18,4,0
1545,Day_18,1,1
1545,Day_18,2,1
1545,Day_18,3,1
1545,Day_18,4,0
1546,Day_18,1,1
1546,Day_18,2,1
1546,Day_18,3,1
1546,Day_18,4,0
1547,Day_18,1,1
1547,Day_18,2,1
1547,Day_18,3,1
1547,Day_18,4,0
1548,Day_18,1,1
1548,Day_18,2,1
1548,Day_18,3,1
1548,Day_18,4,0
1549,Day_18,1,1
1549,Day_18,2,1
1549,Day_18,3,1
1549,Day_18,4,0
1550,Day_18,1,1
1550,Day_18,2,1
1550,Day_18,3,1
1550,Day_18,4,0
1551,Day_18,1,1
1551,Day_18,2,1
1551,Day_18,3,1
1551,Day_18,4,0
1552,Day_18,1,1
1552,Day_18,2,1
1552,Day_18,3,1
1552,Day_18,4,0
1553,Day_18,1,1
1553,Day_18,2,1
1553,Day_18,3,1
1553,Day_18,4,0
1554,Day_18,1,1
1554,Day_18,2,1
1554,Day_18,3,1
1554,Day_18,4,0
1555,Day_18,1,1
1555,Day_18,2,1
1555,Day_18,3,1
1555,Day_18,4,0
1556,Day_18,1,1
1556,Day_18,2,1
1556,Day_18,3,1
1556,Day_18,4,0
1557,Day_18,1,1
1557,Day_18,2,1
1557,Day_18,3,1
1557,Day_18,4,0
1558,Day_18,1,1
1558,Day_18,2,1
1558,Day_18,3,1
1558,Day_18,4,0
1559,Day_18,1,1
1559,Day_18,2,1
1559,Day_18,3,1
1559,Day_18,4,0
1560,Day_18,1,1
1560,Day_18,2,1
1560,Day_18,3,1
1560,Day_18,4,0
1561,Day_18,1,1
1561,Day_18,2,1
1561,Day_18,3,0
1562,Day_18,1,1
1562,Day_18,2,1
1562,Day_18,3,0
1563,Day_18,1,1
1563,Day_18,2,1
1563,Day_18,3,0
1564,Day_18,1,1
1564,Day_18,2,1
1564,Day_18,3,0
1565,Day_18,1,1
1565,Day_18,2,1
1565,Day_18,3,0
1566,Day_18,1,1
1566,Day_18,2,1
1566,Day_18,3,0
1567,Day_18,1,1
1567,Day_18,2,1
1567,Day_18,3,0
1568,Day_18,1,1
1568,Day_18,2,1
1568,Day_18,3,0
1569,Day_18,1,1
1569,Day_18,2,1
1569,Day_18,3,0
1570,Day_18,1,1
1570,Day_18,2,1
1570,Day_18,3,0
1571,Day_18,1,1
1571,Day_18,2,1
1571,Day_18,3,0
1572,Day_18,1,1
1572,Day_18,2,1
1572,Day_18,3,0
1573,Day_18,1,1
1573,Day_18,2,0
1574,Day_18,1,1
1574,Day_18,2,0
1575,Day_18,1,1
1575,Day_18,2,0
1576,Day_18,1,1
1576,Day_18,2,0
1577,Day_18,1,1
1577,Day_18,2,0
1578,Day_18,1,0
1579,Day_18,1,0
1580,Day_18,1,0
1581,Day_18,1,0
1582,Day_18,1,0
1583,Day_18,1,0
1584,Day_18,1,0
1585,Day_18,1,0
1586,Day_18,1,0
1587,Day_18,1,0
1588,Day_18,1,0
1589,Day_18,1,0
1590,Day_18,1,0
1591,Day_18,1,0
1592,Day_18,1,0
1593,Day_18,1,0
1594,Day_18,1,0
1595,Day_18,1,0
1596,Day_18,1,0
1597,Day_18,1,0
1598,Day_18,1,0
1599,Day_18,1,0
1600,Day_19,1,1
1600,Day_19,2,1
1600,Day_19,3,1
1600,Day_19,4,1
1600,Day_19,5,1
1600,Day_19,6,1
1600,Day_19,7,1
1600,Day_19,8,0
1601,Day_19,1,1
1601,Day_19,2,1
1601,Day_19,3,1
1601,Day_19,4,1
1601,Day_19,5,1
1601,Day_19,6,0
1602,Day_19,1,1
1602,Day_19,2,1
1602,Day_19,3,1
1602,Day_19,4,1
1602,Day_19,5,1
1602,Day_19,6,0
1603,Day_19,1,1
1603,Day_19,2,1
1603,Day_19,3,1
1603,Day_19,4,1
1603,Day_19,5,0
1604,Day_19,1,1
1604,Day_19,2,1
1604,Day_19,3,1
1604,Day_19,4,1
1604,Day_19,5,0
1605,Day_19,1,1
1605,Day_19,2,1
1605,Day_19,3,1
1605,Day_19,4,1
1605,Day_19,5,0
1606,Day_19,1,1
1606,Day_19,2,1
1606,Day_19,3,1
1606,Day_19,4,1
1606,Day_19,5,0
1607,Day_19,1,1
1607,Day_19,2,1
1607,Day_19,3,1
1607,Day_19,4,1
1607,Day_19,5,0
1608,Day_19,1,1
1608,Day_19,2,1
1608,Day_19,3,1
1608,Day_19,4,1
1608,Day_19,5,0
1609,Day_19,1,1
1609,Day_19,2,1
1609,Day_19,3,1
1609,Day_19,4,1
1609,Day_19,5,0
1610,Day_19,1,1
1610,Day_19,2,1
1610,Day_19,3,1
1610,Day_19,4,0
1611,Day_19,1,1
1611,Day_19,2,1
1611,Day_19,3,1
1611,Day_19,4,0
1612,Day_19,1,1
1612,Day_19,2,1
1612,Day_19,3,1
1612,Day_19,4,0
1613,Day_19,1,1
1613,Day_19,2,1
1613,Day_19,3,1
1613,Day_19,4,0
1614,Day_19,1,1
1614,Day_19,2,1
1614,Day_19,3,1
1614,Day_19,4,0
1615,Day_19,1,1
1615,Day_19,2,1
1615,Day_19,3,1
1615,Day_19,4,0
1616,Day_19,1,1
1616,Day_19,2,1
1616,Day_19,3,1
1616,Day_19,4,0
1617,Day_19,1,1
1617,Day_19,2,1
1617,Day_19,3,1
1617,Day_19,4,0
1618,Day_19,1,1
1618,Day_19,2,1
1618,Day_19,3,1
1618,Day_19,4,0
1619,Day_19,1,1
1619,Day_19,2,1
1619,Day_19,3,1
1619,Day_19,4,0
1620,Day_19,1,1
1620,Day_19,2,1
1620,Day_19,3,1
1620,Day_19,4,0
1621,Day_19,1,1
1621,Day_19,2,1
1621,Day_19,3,1
1621,Day_19,4,0
1622,Day_19,1,1
1622,Day_19,2,1
1622,Day_19,3,1
1622,Day_19,4,0
1623,Day_19,1,1
1623,Day_19,2,1
1623,Day_19,3,1
1623,Day_19,4,0
1624,Day_19,1,1
1624,Day_19,2,1
1624,Day_19,3,1
1624,Day_19,4,0
1625,Day_19,1,1
1625,Day_19,2,1
1625,Day_19,3,1
1625,Day_19,4,0
1626,Day_19,1,1
1626,Day_19,2,1
1626,Day_19,3,1
1626,Day_19,4,0
1627,Day_19,1,1
1627,Day_19,2,1
1627,Day_19,3,1
1627,Day_19,4,0
1628,Day_19,1,1
1628,Day_19,2,1
1628,Day_19,3,1
1628,Day_19,4,0
1629,Day_19,1,1
1629,Day_19,2,1
1629,Day_19,3,1
1629,Day_19,4,0
1630,Day_19,1,1
1630,Day_19,2,1
1630,Day_19,3,1
1630,Day_19,4,0
1631,Day_19,1,1
1631,Day_19,2,1
1631,Day_19,3,1
1631,Day_19,4,0
1632,Day_19,1,1
1632,Day_19,2,1
1632,Day_19,3,1
1632,Day_19,4,0
1633,Day_19,1,1
1633,Day_19,2,1
1633,Day_19,3,1
1633,Day_19,4,0
1634,Day_19,1,1
1634,Day_19,2,1
1634,Day_19,3,0
1635,Day_19,1,1
1635,Day_19,2,1
1635,Day_19,3,0
1636,Day_19,1,1
1636,Day_19,2,1
1636,Day_19,3,0
1637,Day_19,1,1
1637,Day_19,2,1
1637,Day_19,3,0
1638,Day_19,1,1
1638,Day_19,2,0
1639,Day_19,1,1
1639,Day_19,2,0
1640,Day_19,1,1
1640,Day_19,2,0
1641,Day_19,1,1
1641,Day_19,2,0
1642,Day_19,1,1
1642,Day_19,2,0
1643,Day_19,1,1
1643,Day_19,2,0
1644,Day_19,1,1
1644,Day_19,2,0
1645,Day_19,1,1
1645,Day_19,2,0
1646,Day_19,1,1
1646,Day_19,2,0
1647,Day_19,1,1
1647,Day_19,2,0
1648,Day_19,1,0
1649,Day_19,1,0
1650,Day_19,1,0
1651,Day_19,1,0
1652,Day_19,1,0
1653,Day_19,1,0
1654,Day_19,1,0
1655,Day_19,1,0
1656,Day_19,1,0
1657,Day_19,1,0
1658,Day_19,1,0
1659,Day_19,1,0
1660,Day_19,1,0
1661,Day_19,1,0
1662,Day_19,1,0
1663,Day_19,1,0
1664,Day_19,1,0
1665,Day_19,1,0
1666,Day_20,1,1
1666,Day_20,2,1
1666,Day_20,3,1
1666,Day_20,4,1
1666,Day_20,5,0
1667,Day_20,1,1
1667,Day_20,2,1
1667,Day_20,3,1
1667,Day_20,4,1
1667,Day_20,5,0
1668,Day_20,1,1
1668,Day_20,2,1
1668,Day_20,3,1
1668,Day_20,4,1
1668,Day_20,5,0
1669,Day_20,1,1
1669,Day_20,2,1
1669,Day_20,3,1
1669,Day_20,4,1
1669,Day_20,5,0
1670,Day_20,1,1
1670,Day_20,2,1
1670,Day_20,3,1
1670,Day_20,4,0
1671,Day_20,1,1
1671,Day_20,2,1
1671,Day_20,3,1
1671,Day_20,4,0
1672,Day_20,1,1
1672,Day_20,2,1
1672,Day_20,3,1
1672,Day_20,4,0
1673,Day_20,1,1
1673,Day_20,2,1
1673,Day_20,3,1
1673,Day_20,4,0
1674,Day_20,1,1
1674,Day_20,2,1
1674,Day_20,3,1
1674,Day_20,4,0
1675,Day_20,1,1
1675,Day_20,2,1
1675,Day_20,3,1
1675,Day_20,4,0
1676,Day_20,1,1
1676,Day_20,2,1
1676,Day_20,3,1
1676,Day_20,4,0
1677,Day_20,1,1
1677,Day_20,2,1
1677,Day_20,3,1
1677,Day_20,4,0
1678,Day_20,1,1
1678,Day_20,2,1
1678,Day_20,3,1
1678,Day_20,4,0
1679,Day_20,1,1
1679,Day_20,2,1
1679,Day_20,3,1
1679,Day_20,4,0
1680,Day_20,1,1
1680,Day_20,2,1
1680,Day_20,3,1
1680,Day_20,4,0
1681,Day_20,1,1
1681,Day_20,2,1
1681,Day_20,3,1
1681,Day_20,4,0
1682,Day_20,1,1
1682,Day_20,2,1
1682,Day_20,3,1
1682,Day_20,4,0
1683,Day_20,1,1
1683,Day_20,2,1
1683,Day_20,3,1
1683,Day_20,4,0
1684,Day_20,1,1
1684,Day_20,2,1
1684,Day_20,3,0
1685,Day_20,1,1
1685,Day_20,2,1
1685,Day_20,3,0
1686,Day_20,1,1
1686,Day_20,2,0
1687,Day_20,1,1
1687,Day_20,2,0
1688,Day_20,1,1
1688,Day_20,2,0
1689,Day_20,1,1
1689,Day_20,2,0
1690,Day_20,1,1
1690,Day_20,2,0
1691,Day_20,1,1
1691,Day_20,2,0
1692,Day_20,1,1
1692,Day_20,2,0
1693,Day_20,1,1
1693,Day_20,2,0
1694,Day_20,1,1
1694,Day_20,2,0
1695,Day_20,1,0
1696,Day_20,1,0
1697,Day_20,1,0
1698,Day_20,1,0
1699,Day_20,1,0
1700,Day_20,1,0
1701,Day_20,1,0
1702,Day_20,1,0
1703,Day_20,1,0
1704,Day_20,1,0
1705,Day_20,1,0
1706,Day_20,1,0
1707,Day_20,1,0
1708,Day_21,1,1
1708,Day_21,2,1
1708,Day_21,3,0
1709,Day_21,1,1
1709,Day_21,2,1
1709,Day_21,3,0
1710,Day_21,1,1
1710,Day_21,2,1
1710,Day_21,3,0
1711,Day_21,1,1
1711,Day_21,2,1
1711,Day_21,3,0
1712,Day_21,1,1
1712,Day_21,2,1
1712,Day_21,3,0
1713,Day_21,1,1
1713,Day_21,2,1
1713,Day_21,3,0
1714,Day_21,1,1
1714,Day_21,2,1
1714,Day_21,3,0
1715,Day_21,1,1
1715,Day_21,2,1
1715,Day_21,3,0
1716,Day_21,1,1
1716,Day_21,2,1
1716,Day_21,3,0
1717,Day_21,1,1
1717,Day_21,2,1
1717,Day_21,3,0
1718,Day_21,1,1
1718,Day_21,2,1
1718,Day_21,3,0
1719,Day_21,1,1
1719,Day_21,2,1
1719,Day_21,3,0
1720,Day_21,1,1
1720,Day_21,2,1
1720,Day_21,3,0
1721,Day_21,1,1
1721,Day_21,2,1
1721,Day_21,3,0
1722,Day_21,1,1
1722,Day_21,2,1
1722,Day_21,3,0
1723,Day_21,1,1
1723,Day_21,2,1
1723,Day_21,3,0
1724,Day_21,1,1
1724,Day_21,2,1
1724,Day_21,3,0
1725,Day_21,1,1
1725,Day_21,2,1
1725,Day_21,3,0
1726,Day_21,1,1
1726,Day_21,2,1
1726,Day_21,3,0
1727,Day_21,1,1
1727,Day_21,2,0
1728,Day_21,1,1
1728,Day_21,2,0
1729,Day_21,1,1
1729,Day_21,2,0
1730,Day_21,1,1
1730,Day_21,2,0
1731,Day_21,1,1
1731,Day_21,2,0
1732,Day_21,1,1
1732,Day_21,2,0
1733,Day_21,1,1
1733,Day_21,2,0
1734,Day_21,1,1
1734,Day_21,2,0
1735,Day_21,1,1
1735,Day_21,2,0
1736,Day_21,1,1
1736,Day_21,2,0
1737,Day_21,1,1
1737,Day_21,2,0
1738,Day_21,1,1
1738,Day_21,2,0
1739,Day_21,1,0
1740,Day_21,1,0
1741,Day_21,1,0
1742,Day_21,1,0
1743,Day_21,1,0
1744,Day_21,1,0
1745,Day_21,1,0
1746,Day_21,1,0
1747,Day_21,1,0
1748,Day_21,1,0
1749,Day_21,1,0
1750,Day_21,1,0
